No. ,Location,geo_State,Full_address,Latitude,Longitude,Fee Type ,ERU,Fee,Year Created ,Population ,geo_Accuracy Score,geo_Zipcode
11,Oro Valley,AZ,Oro Valley AZ,32.4143734,-110.9786539,E ,4000,4.5,2008,41627,0.9,85755
14,Surprise,AZ,Surprise AZ,33.6693746,-112.5250217,E ,3420,2.75,2016,117517,1,85374
16,Alameda,CA,Alameda CA,37.884247,-122.3977416,E ,2000,11.18,1992,79177,1,94501
18,Arcata,CA,Arcata CA,40.8453997,-124.1232635,E ,2500,1.96,2001,17231,1,95518
22,Carmel-by-the-Sea,CA,Carmel-by-the-Sea CA,36.552647,-121.9223235,E ,4000,8.77,2001,15677,0.9,93921
25,Contra Costa County,CA,Contra Costa County CA,37.9094414,-122.1279262,E ,5000,2.5,2012,1041274,1,
27,Cupertino,CA,Cupertino CA,37.3092293,-122.1136841,E ,4073,4.7,1992,60170,1,95014
40,Larkspur,CA,Larkspur CA,37.9399687,-122.5621059,E ,3000,1.25,1995,11926,1,94939
47,Palo Alto,CA,Palo Alto CA,37.425713,-122.1703694,E ,2500,15.04,1989,64403,1,94301
50,Rancho Cordova,CA,Rancho Cordova CA,38.5676276,-121.3307456,E ,3500,5.54,1996,64776,1,95670
51,Rancho Palos Verdes,CA,Rancho Palos Verdes CA,33.7586462,-118.4298852,E ,3804,8.06,2005,41643,1,90275
70,Stockton,CA,Stockton CA,37.973138,-121.3719173,E,2347,2.1,,291707,1,95201
71,Tracy,CA,Tracy CA,37.7207938,-121.4994524,E,3140,1.2,,84266,1,95376
77,Aurora,CO,Aurora CO,39.6890151,-104.8269165,E,2500,10.46,2002,345803,1,80010
82,Castle Rock,CO,Castle Rock CO,39.3736497,-104.9109981,E,3255,7.12,2002,48231,1,80104
86,Erie,CO,Erie CO,40.0509244,-105.0771444,E,5300,11.98,2003,19723,1,80516
94,Grand Junction,CO,Grand Junction CO,39.0856082,-108.7099181,E,2500,3,2015,61881,1,81501
102,Louisville,CO,Louisville CO,39.9688751,-105.1661836,E,3500,4.71,2007,19588,1,80027
106,Parker,CO,Parker CO,39.5080344,-104.8357286,E,4000,7.49,1999,48608,1,80134
118,Newark,DE,Newark DE,39.729881,-75.599524,E,1620,3.54,2017,33398,1,19702
121,Altamonte Springs,FL,Altamonte Springs FL,28.6650275,-81.4635562,E,2492,6.75,1989,41496,1,32701
122,Anna Maria,FL,Anna Maria FL,27.5282164,-82.7467201,E,2254,3.75,2008,1503,1,34216
124,Atlantic Beach,FL,Atlantic Beach FL,30.3421653,-81.4563902,E,1790,8.39,1991,12655,1,32233
126,Aventura,FL,Aventura FL,25.9531213,-80.1544396,E,1548,2.5,1997,36610,1,
127,Bartow,FL,Bartow FL,27.8982183,-81.8885608,E,2520,3.75,2005,17501,1,33830
129,Bay Harbor Islands,FL,Bay Harbor Islands FL,25.887485,-80.1573016,E,1548,5,1996,5762,0.8,33154
131,Belle Isle,FL,Belle Isle FL,28.4738112,-81.3668191,E,4087,4,2005,6111,1,32619
132,Belleair,FL,Belleair FL,27.9234114,-82.8528986,E,5459,11.92,2012,,0.5,
134,Boca Raton,FL,Boca Raton FL,26.5280698,-80.1169694,E,2837,3.11,1993,85329,1,
135,Boynton Beach,FL,Boynton Beach FL,26.5281466,-80.1169694,E,1937,5,1993,68996,1,
138,Brevard County,FL,Brevard County FL,28.3070456,-80.9663439,E,2500,3,1990,543566,1,
142,Casselberry,FL,Casselberry FL,28.6544343,-81.3579174,E,2304,8.4,1993,26387,1,32707
144,Clearwater,FL,Clearwater FL,27.9925295,-82.887482,E,1830,14.15,1991,107784,1,33755
145,Clermont,FL,Clermont FL,28.5347895,-81.7990842,E,3154,5,1990,29126,1,34711
146,Cocoa,FL,Cocoa FL,28.3286305,-80.6596439,E,2166,7,1992,17147,1,32922
147,Cocoa Beach,FL,Cocoa Beach FL,28.325685,-80.623424,E,2900,8.75,2003,11235,1,32931
148,Coconut Creek,FL,Coconut Creek FL,26.2711422,-80.2197714,E,2070,3.87,2004,53915,0.8,33923
150,Coral Gables,FL,Coral Gables FL,25.6909205,-80.248463,E,2346,14.73,1993,47783,0.9,33146
151,Cutler Bay,FL,Cutler Bay FL,25.5756653,-80.3764359,E,1548,4,2007,44300,1,
152,Daytona Beach,FL,Daytona Beach FL,29.2103982,-81.1666498,E,1661,8.67,2004,61028,1,32114
153,DeLand,FL,DeLand FL,29.0193739,-81.3580513,E,3100,8.69,2009,27041,1,32724
154,DeBary,FL,DeBary FL,28.8791062,-81.3914339,E,2560,7,2005,19324,0.8,32713
155,Delray Beach,FL,Delray Beach FL,26.4560036,-80.1271933,E,2502,5.33,1990,61209,1,33444
156,Deltona,FL,Deltona FL,28.8922148,-81.2886308,E,3484,6.34,1996,85219,1,32725
157,Doral,FL,Doral FL,25.8186392,-80.3891919,E,1548,4,2005,46789,1,
158,Dundee,FL,Dundee FL,28.0155361,-81.6519874,E,4749,1.2,2003,3764,1,33838
159,Dunedin,FL,Dunedin FL,28.0457868,-82.8642393,E,1708,11.49,2007,35354,1,34698
161,Edgewater,FL,Edgewater FL,28.95351,-81.0817619,E,2027,12,2004,20761,1,32132
162,El Portal,FL,El Portal FL,25.8549885,-80.2141325,E,1548,3,,2380,0.5,
166,Florida City,FL,Florida City FL,25.44052,-80.4667815,E,1250,2.5,2000,11511,0.9,33034
169,Fort Myers,FL,Fort Myers FL,26.6185654,-81.9723816,E,500,11.52,2009,63512,1,33901
170,Fort Pierce,FL,Fort Pierce FL,27.429376,-80.4095987,E,2186,4.5,2005,41993,1,34945
171,Fort Walton Beach,FL,Fort Walton Beach FL,30.4364483,-86.6973818,E,3200,5,1990,19793,1,32547
174,Gainesville,FL,Gainesville FL,29.6864012,-82.3897859,E,2300,9.45,1988,125326,1,32601
175,Golden Beach,FL,Golden Beach FL,25.9659055,-80.1303598,E,8000,35,1993,940,0.8,33160
176,Grant-Valkaria,FL,Grant-Valkaria FL,27.932747,-80.5594474,E,2500,3,2008,3851,0.87,32949
178,Gulf Breeze,FL,Gulf Breeze FL,30.3612809,-87.2318797,E,4450,5.07,2006,5870,1,32561
179,Gulfport,FL,Gulfport FL,27.7461951,-82.7435344,E,2300,3.21,1995,12041,0.5,
181,Hallandale Beach,FL,Hallandale Beach FL,25.9855589,-80.1744644,E,958,3.35,1980,37800,0.8,33009
183,Hialeah,FL,Hialeah FL,25.909809,-80.388874,E,1664,2.5,1998,229969,1,33018
184,Hialeah Gardens,FL,Hialeah Gardens FL,25.890724,-80.3540215,E,1267,2,1996,19297,0.9,33016
186,Holly Hill,FL,Holly Hill FL,29.2447414,-81.048675,E,2050,7,1997,11663,0.9,32117
187,Hollywood,FL,Hollywood FL,26.039599,-80.2454178,E,2250,3.22,1993,143357,1,33019
188,Homestead,FL,Homestead FL,25.469778,-80.452848,E,2000,3.37,1992,61940,0.9,33031
189,Indian Creek Village,FL,Indian Creek Village FL,25.878391,-80.1447088,E,1548,4,1999,88,0.8,33139
190,Indian Harbor Beach,FL,Indian Harbor Beach FL,28.1553124,-80.6141345,E,2500,3,,8228,0.5,
191,Jacksonville,FL,Jacksonville FL,30.3452116,-81.8231907,E,3100,5,2007,827908,1,32201
192,Jacksonville Beach,FL,Jacksonville Beach FL,30.2799549,-81.4440513,E,1541,5,1990,21523,1,32250
193,Jupiter,FL,Jupiter FL,26.9266983,-80.1883772,E,2651,5.33,1994,55911,1,33458
194,Key Biscayne,FL,Key Biscayne FL,25.6922984,-80.1669635,E,1083,7.5,1993,12637,0.9,33149
195,Key West,FL,Key West FL,24.564635,-81.8156475,E,1400,7.35,2001,24909,1,33040
196,Kissimmee,FL,Kissimmee FL,28.2992861,-81.4350019,E,2404,7.38,1989,61346,1,34741
198,Lake Mary,FL,Lake Mary FL,28.7564689,-81.3717954,E,4576,4,,13900,1,32746
199,Lake Worth,FL,Lake Worth FL,26.6203117,-80.0762181,E,1748,5.8,1993,35306,1,33454
200,Lakeland,FL,Lakeland FL,28.0625693,-82.0173993,E,5000,6,1999,98589,1,33801
201,Largo,FL,Largo FL,27.909233,-82.8058658,E,2257,6.65,1989,77723,1,33770
202,Lauderdale Lakes,FL,Lauderdale Lakes FL,26.1685264,-80.2188865,E,2133,4.57,1997,33191,0.8,33313
203,Lauderdale-by-the-Sea,FL,Lauderdale-by-the-Sea FL,26.2006604,-80.0937655,E,4472,3.5,2004,6168,0.9,33308
205,Leesburg,FL,Leesburg FL,28.758895,-81.888695,E,2000,6,1994,20390,1,34748
206,Leon County,FL,Leon County FL,30.4796071,-84.4863443,E,2723,1.67,1991,277971,1,
207,Longwood,FL,Longwood FL,28.699904,-81.3856594,E,2898,6,,13745,1,32750
209,Madeira Beach,FL,Madeira Beach FL,27.795549,-82.8280449,E,1249,5,,4267,0.5,
210,Maitland,FL,Maitland FL,28.6255191,-81.4394908,E,2532,9.6,2008,16076,1,32751
211,Malabar,FL,Malabar FL,27.9907728,-80.59629,E,2500,3,1992,2758,1,32950
213,Marathon,FL,Marathon FL,24.7328245,-81.1646818,E,4769,10,2005,8387,1,33050
214,Margate,FL,Margate FL,26.2423361,-80.2119035,E,2382,8.25,1993,54270,0.9,33063
215,Marion County,FL,Marion County FL,29.2410352,-82.3676422,E,2275,1.25,,332529,1,
217,Medley,FL,Medley FL,25.8641918,-80.3735064,E,1487,3,1991,857,0.5,33803
218,Melbourne,FL,Melbourne FL,28.0655614,-80.57763,E,2500,3,1999,76095,1,32901
219,Melbourne Beach,FL,Melbourne Beach FL,28.0655614,-80.57763,E,2500,3,2000,3102,1,32951
220,Miami Beach,FL,Miami Beach FL,25.8103146,-80.1751609,E,791,9.06,1996,89840,1,33239
221,Miami Gardens,FL,Miami Gardens FL,25.9422809,-80.3154474,E,1800,6,2006,109680,0.8,33017
222,Miami Shores,FL,Miami Shores FL,25.8679715,-80.185456,E,2466,3.75,2000,10720,0.9,33138
224,Miami-Dade County,FL,Miami-Dade County FL,25.5587799,-80.7383622,E,1548,5,2004,408750,1,33234
226,Minneola,FL,Minneola FL,28.5904176,-81.7593985,E,3050,4,2001,9531,1,34755
228,Mount Dora,FL,Mount Dora FL,28.8187954,-81.7103172,E,2500,5,,12534,1,32756
229,Mulberry,FL,Mulberry FL,27.9135991,-82.0167424,E,3250,4,,3867,1,33860
230,Naples,FL,Naples FL,26.1449028,-81.8295594,E,1934,13.93,1994,19939,1,34101
231,Neptune Beach,FL,Neptune Beach FL,30.3157753,-81.4552618,E,3164,3,2002,7090,1,32266
232,New Port Richey,FL,New Port Richey FL,28.2470306,-82.7536269,E,2629,6.66,2001,14961,1,34652
233,New Smyrna Beach,FL,New Smyrna Beach FL,29.0294718,-81.0949919,E,1818,7,1995,22481,1,32168
236,North Lauderdale,FL,North Lauderdale FL,26.2082974,-80.2198714,E,2138,6,1995,41782,0.9,33308
237,North Miami,FL,North Miami FL,25.9055714,-80.1771054,E,1760,6.19,1998,60143,0.9,33161
238,North Miami Beach,FL,North Miami Beach FL,25.9286295,-80.1693688,E,1800,4.6,1992,42504,0.9,33160
240,Oakland Park,FL,Oakland Park FL,26.1800865,-80.1567049,E,1507,6,1989,42126,0.9,33334
241,Ocala,FL,Ocala FL,29.1739558,-82.1918274,E,1948,6.39,1988,56517,1,34470
242,Ocoee,FL,Ocoee FL,28.570397,-81.6058122,E,2054,7,,36320,1,34761
243,Oldsmar,FL,Oldsmar FL,28.0489373,-82.7153279,E,2550,3,1998,13618,1,34677
244,Opa-Locka,FL,Opa-Locka FL,25.8969423,-80.2517736,E,1548,6,,15579,0.9,33054
246,Orlando,FL,Orlando FL,28.4813061,-81.4127051,E,2000,9.99,1989,243195,1,32801
247,Ormond Beach,FL,Ormond Beach FL,29.3075332,-81.146337,E,3000,7,1987,38153,1,32174
248,Oviedo,FL,Oviedo FL,28.6593806,-81.2053975,E,2464,7,1993,33528,1,32762
249,Palm Bay,FL,Palm Bay FL,27.9868171,-80.7929726,E,4602,14.76,2010,103227,1,32905
250,Palm Coast,FL,Palm Coast FL,29.5330742,-81.2969482,E,3432,15.55,2004,76499,1,32135
254,Pasco County,FL,Pasco County FL,28.3246353,-82.6215879,E,2890,7.92,2007,466457,1,
255,Pembroke Park,FL,Pembroke Park FL,25.9846778,-80.1995996,E,1548,2,1996,6214,0.8,33009
256,Pensacola,FL,Pensacola FL,30.4368552,-87.2627838,E,2998,6.02,2001,52197,1,32501
257,Pinecrest,FL,Pinecrest FL,25.6677776,-80.3419613,E,1548,10,2002,18657,0.8,33156
258,Pinellas County,FL,Pinellas County FL,27.8921332,-83.0049481,E,2339,9.81,2013,929048,1,
259,Plant City,FL,Plant City FL,28.0254403,-82.1567024,E,2280,5.5,2004,35817,1,33564
260,Plantation,FL,Plantation FL,26.1266785,-80.2638915,E,4489,2.5,2012,86524,0.9,33317
261,Polk City,FL,Polk City FL,28.1806776,-81.8394817,E,4030,4.53,2012,1580,1,33868
263,Pompano Beach,FL,Pompano Beach FL,26.2517259,-80.2071568,E,2880,3,1997,78191,1,33060
264,Port Orange,FL,Port Orange FL,29.1011589,-81.0864021,E,3050,9.58,1993,45823,1,32129
267,Riviera Beach,FL,Riviera Beach FL,26.7885845,-80.074821,E,1920,4.5,2003,29884,0.9,33404
268,Rockledge,FL,Rockledge FL,28.3136895,-80.8069358,E,2922,5,2000,20170,1,32955
269,Royal Palm Beach,FL,Royal Palm Beach FL,26.7009662,-80.2585269,E,2723,5.5,2012,31864,1,33411
270,Safety Harbor,FL,Safety Harbor FL,28.0136725,-82.7288059,E,1865,10.3,,16884,1,34695
271,Saint Augustine,FL,Saint Augustine FL,29.9064674,-81.3754512,E,2752,8,1993,14280,1,32084
272,Saint Cloud,FL,Saint Cloud FL,28.2205117,-81.3060878,E,2664,6.35,2007,20074,1,34769
273,Saint Johns County,FL,Saint Johns County FL,29.9373902,-81.7008258,E,3000,6.5,1994,123135,1,32259
274,Saint Pete Beach,FL,Saint Pete Beach FL,27.7182578,-82.8391078,E,3813,3.69,,9391,0.5,
275,Saint Petersburg,FL,Saint Petersburg FL,27.7786988,-82.7949041,E,2719,11,1989,248232,1,33701
276,Sanford,FL,Sanford FL,28.7869883,-81.3097038,E,2126,7.63,1991,38291,1,32771
277,Sarasota County,FL,Sarasota County FL,27.1677329,-82.5210514,E,3153,7.55,1989,325957,1,
278,Satellite Beach,FL,Satellite Beach FL,28.177749,-80.6382443,E,3000,16.67,1997,10109,1,32937
279,Sebastian,FL,Sebastian FL,27.792114,-80.5152619,E,3285,10,2001,20339,1,32958
280,South Daytona,FL,South Daytona FL,29.1671041,-81.003713,E,2000,9,1989,13177,0.9,32121
281,South Miami,FL,South Miami FL,25.7117066,-80.2958815,E,1865,3,2000,10741,0.9,33143
282,Stuart,FL,Stuart FL,27.1987185,-80.2756563,E,3707,4.18,2000,14633,1,34994
283,Sunny Isles Beach,FL,Sunny Isles Beach FL,25.9391467,-80.1425267,E,1548,4,1999,15315,0.8,33160
284,Sunrise,FL,Sunrise FL,26.1479001,-80.3664893,E,1884,8.36,1997,85779,0.8,33313
285,Surfside,FL,Surfside FL,25.8794729,-80.1265691,E,1040,10.7,1998,4909,0.9,33154
286,Sweetwater,FL,Sweetwater FL,25.7791341,-80.38978,E,1548,4,2000,14226,0.8,33144
287,Tallahassee,FL,Tallahassee FL,30.4670647,-84.3969392,E,1990,8.35,1986,150624,1,32301
288,Tamarac,FL,Tamarac FL,26.204648,-80.3006404,E,1830,10.65,1993,55588,0.8,33309
289,Tampa,FL,Tampa FL,27.9947147,-82.5943644,E,3310,6.83,2003,303447,1,33601
290,Tarpon Springs,FL,Tarpon Springs FL,28.1462037,-82.8448678,E,1945,5.65,1992,21003,1,34688
291,Tavares,FL,Tavares FL,28.7869979,-81.8052422,E,3000,10,,14248,1,32778
292,Tequesta,FL,Tequesta FL,26.9608917,-80.1352785,E,2507,8.23,,5273,0.8,33469
294,Treasure Island,FL,Treasure Island FL,27.7648685,-82.7717254,E,1513,12.14,1994,7450,0.9,33740
295,Umatilla,FL,Umatilla FL,28.933882,-81.6936759,E,3000,4,2008,2896,1,32784
297,Volusia County,FL,Volusia County FL,29.0228714,-81.4523533,E,2775,10.5,1992,443343,1,
298,West Melbourne,FL,West Melbourne FL,28.0696113,-80.7493755,E,2500,5.33,1992,9824,0.8,32901
299,West Miami,FL,West Miami FL,25.7558094,-80.3044918,E,1400,2.5,1996,5863,0.8,33144
300,West Palm Beach,FL,West Palm Beach FL,26.7420741,-80.1990798,E,2171,8.48,,82103,1,33401
301,West Park,FL,West Park FL,25.9841829,-80.2083675,E,1351,3.5,2012,14609,0.5,
302,Wilton Manors,FL,Wilton Manors FL,26.1586121,-80.1391665,E,3460,5.58,1992,12697,0.9,33334
303,Winter Garden,FL,Winter Garden FL,28.5461539,-81.6419195,E,4077,5.13,2006,14351,1,34778
305,Winter Park,FL,Winter Park FL,28.6939609,-81.3377034,E,2324,13.21,,24090,1,32789
306,Winter Springs,FL,Winter Springs FL,28.6939609,-81.3377034,E,2123,5.5,1992,31666,1,32708
307,Albany,GA,Albany GA,31.5729629,-84.2009484,E,2700,3,2014,77431,1,31701
308,Americus,GA,Americus GA,32.0771487,-84.2578414,E,3000,4,2010,17103,1,31709
309,Athens - Clarke County,GA,Athens - Clarke County GA,33.9441951,-83.5292055,E,2628,2.1,2004,101489,1,30601
312,Augusta,GA,Augusta GA,33.3857258,-82.3711058,E,2200,6.4,2015,197872,1,30901
313,Austell,GA,Austell GA,33.8186861,-84.6781258,E,3100,5,,5200,1,30106
314,Avondale Estates,GA,Avondale Estates GA,33.7687768,-84.2740025,E,2900,15,2004,2995,1,30002
315,Barrow County,GA,Barrow County GA,34.01112,-83.7732887,E ,3478,1.5,2008,46144,1,
316,Braselton,GA,Braselton GA,34.1124436,-83.8498484,E ,3478,1.5,,1206,1,30517
317,Brookhaven,GA ,Brookhaven GA ,33.8723669,-84.3635257,E ,3000,5,2013,52444,0.5,
318,Brunswick,GA,Brunswick GA,31.153505,-81.5355297,E ,2200,3.95,2018,16287,1,31520
319,Byron,GA,Byron GA,32.6452621,-83.7888419,E ,3850,3.5,2017,5188,1,31008
320,Camilla,GA,Camilla GA,31.2499496,-84.2432469,E ,3360,4,2010,5669,1,31730
321,Canton,GA,Canton GA,32.6627935,-85.4216056,E ,2000,2.65,,7709,1,30114
322,Cartersville,GA,Cartersville GA,34.1879876,-84.8621883,E ,3000,3.75,,15925,1,30120
323,Centerville,GA,Centerville GA,32.6386666,-83.7190772,E ,3900,4.25,2016,7148,1,31028
324,Chamblee,GA,Chamblee GA,33.8805037,-84.2976536,E ,3000,4,2004,9552,0.9,30341
326,Clarkston,GA,Clarkston GA,33.8105285,-84.2495042,E ,1500,5.33,2006,7554,1,30021
327,Clayton County,GA,Clayton County GA,33.5005916,-84.4914756,E ,2950,3.75,2006,236517,1,
328,College Park,GA,College Park GA,33.6367539,-84.4993769,E ,3523,3,2007,20382,0.8,30337
331,Cornelia,GA,Cornelia GA,34.5201245,-83.5651018,E ,3300,4.5,,4513,1,30531
332,Covington,GA,Covington GA,33.6035642,-83.9207417,E ,2600,3,2005,13226,1,30014
335,Decatur,GA,Decatur GA,33.7720487,-84.3144435,E ,2900,8.33,1999,18147,1,30030
336,DeKalb County,GA,DeKalb County GA,33.7865796,-84.303648,E ,3000,4,2003,665865,1,
337,Doraville,GA,Doraville GA,33.9063118,-84.2644921,E ,3000,4,2005,9862,0.9,30340
338,Douglasville-Douglas County,GA,Douglasville-Douglas County GA,33.7438079,-84.7275874,E ,2543,4,2003,92174,1,30134
339,Duluth,GA,Duluth GA,34.0001201,-84.2085052,E ,2654,3,2011,22122,1,30095
340,Dunwoody,GA,Dunwoody GA,33.943031,-84.3065274,E,3000,5.75,2009,46267,0.9,30338
341,East Point,GA,East Point GA,33.6654209,-84.4753184,E ,3200,9.15,,,0.9,30344
342,Evans,GA,Evans GA,33.5143748,-82.2118202,E ,100,0.09,,17727,1,30809
344,Fayette County,GA,Fayette County GA,33.4036378,-84.6445081,E,1000,0.35,2011,107784,1,
345,Fayetteville,GA,Fayetteville GA,33.4520253,-84.5112505,E,3800,2.95,2004,11148,1,30214
346,Garden City,GA,Garden City GA,32.0870364,-81.2122483,E,3000,4.75,2008,11289,0.8,31405
348,Griffin,GA,Griffin GA,33.2429033,-84.3474006,E,2200,3.56,1997,23451,1,30223
350,Gwinnett County,GA,Gwinnett County GA,33.960546,-84.1780464,E,100,6.97,2006,588448,1,
351,Hapeville,GA,Hapeville GA,33.660713,-84.4121925,E,2400,3.5,2016,6373,0.9,30354
352,Henry County,GA,Henry County GA,33.4727666,-84.2785335,E,4780,3.32,2006,119341,1,
353,Hinesville,GA,Hinesville GA,31.8282316,-81.6485884,E,2635,6.42,,30392,1,31310
354,Holly Springs,GA,Holly Springs GA,34.1626224,-84.520189,E,2700,4,2009,3195,1,30142
359,Loganville,GA,Loganville GA,33.8343246,-83.9340814,E ,3000,4,,5435,1,30052
360,McDonough,GA,McDonough GA,33.4426498,-84.2192142,E ,3000,3.3,,8493,1,30252
361,Milledgeville,GA,Milledgeville GA,33.0928194,-83.3215896,E ,3400,3.95,2019,18933,1,31061
363,Peachtree City,GA,Peachtree City GA,33.3879628,-84.6395711,E ,4600,3.95,,31580,1,30269
367,Powder Springs,GA,Powder Springs GA,33.8650691,-84.7533786,E ,2840,3.79,2012,13940,1,30127
368,Richmond Hill,GA,Richmond Hill GA,31.9384703,-81.3716742,E ,3300,4.75,2015,10919,1,31324
369,Rockdale County,GA,Rockdale County GA,33.6558755,-84.1887696,E ,3420,8.5,2005,70111,1,
371,Senoia,GA,Senoia GA,33.3145545,-84.5893592,E ,4400,5,2016,3751,1,30276
372,Smyrna,GA,Smyrna GA,33.8542626,-84.5858107,E ,3900,2.45,2007,40999,1,30080
373,Snellville,GA,Snellville GA,33.8554236,-84.0673886,E ,3800,3.1,2008,19983,1,30039
374,Statesboro,GA,Statesboro GA,32.4369515,-81.8047819,E ,3200,3.95,2015,30,1,30458
375,Stockbridge,GA,Stockbridge GA,33.5258436,-84.2609774,E ,2000,2.92,2004,9853,1,30281
378,Union City,GA,Union City GA,33.5857291,-84.6291293,E,2800,4,2013,20501,1,30291
379,Valdosta,GA,Valdosta GA,30.8456432,-83.3532617,E ,3704,3.5,2006,43724,1,31601
380,Warner Robbins,GA,Warner Robbins GA,32.5933883,-83.8020507,E ,3000,4.25,2008,48804,1,31088
381,Woodstock,GA,Woodstock GA,34.1083106,-84.5786931,E ,2700,4.2,2006,10050,1,30188
383,Adel,IA,Adel IA,41.6136771,-94.0580079,E,3000,3.4,,4563,1,50003
386,Altoona,IA,Altoona IA,41.6402272,-93.5474915,E,4000,5,2010,10345,1,50009
388,Ankeny,IA,Ankeny IA,41.7144287,-93.6764075,E,4000,5.5,,45582,1,50015
390,Atlantic ,IA,Atlantic  IA,41.3979672,-95.088768,E ,2000,2.85,,6937,1,50022
396,Bettendorf,IA,Bettendorf IA,41.5651227,-90.5488184,E,2500,2.7,2003,32445,1,52722
397,Bondurant,IA,Bondurant IA,41.690285,-93.4902284,E,2450,3.25,2010,3860,1,50035
398,Boone,IA,Boone IA,42.0511436,-93.948656,E,3000,2,,12633,1,50036
401,Burlington,IA,Burlington IA,40.8056227,-91.1992885,E,3360,2.58,,26839,1,52601
402,Carroll,IA,Carroll IA,42.0703461,-94.9029878,E,2500,3,,10103,1,51401
404,Cedar Rapids,IA,Cedar Rapids IA,41.9650539,-91.8027593,E,4356,6.82,,126326,1,52401
411,Clive,IA,Clive IA,41.6200832,-93.8651199,E,3667,7.83,2005,15000,1,50325
414,Coralville,IA,Coralville IA,41.6948748,-91.6681089,E,3440,3,2005,18907,1,52241
417,Davenport,IA,Davenport IA,41.541001,-90.7290618,E,2600,2.72,2004,98359,1,52801
420,Des Moines,IA,Des Moines IA,41.5665849,-93.7465983,E,2349,12.68,1995,206599,1,50301
422,Dubuque,IA,Dubuque IA,42.4844238,-90.870006,E,2917,6.81,2003,57686,1,52001
427,Fort Dodge,IA,Fort Dodge IA,42.5151761,-94.2412869,E,2533,3,2007,26309,1,50501
432,Grinnell ,IA,Grinnell  IA,41.7294783,-92.7605301,E ,3250,3.26,,9218,1,50112
440,Indianola,IA,Indianola IA,41.3669647,-93.6360415,E,3400,2,2011,12998,1,50125
442,Johnston,IA,Johnston IA,41.6919882,-93.7856245,E,4000,5.55,2012,17278,1,50131
454,Marion,IA,Marion IA,42.0482372,-91.6520975,E,2791,3.5,,2011,1,52302
465,Oskaloosa,IA,Oskaloosa IA,41.2900477,-92.703771,E ,2750,2,2007,10938,1,52577
467,Pleasant Hill,IA,Pleasant Hill IA,41.5834924,-93.5219058,E ,3500,3,,9082,1,50327
468,Polk City,IA,Polk City IA,41.7746056,-93.7474147,E ,3976,3,2020,4625,1,50226
482,Storm Lake,IA,Storm Lake IA,42.6444186,-95.2701184,E,2750,4,,10076,1,50588
483,Urbandale,IA,Urbandale IA,41.643682,-93.9249662,E,3200,6,2010,40311,1,50322
486,Waukee,IA,Waukee IA,41.5986522,-93.9351634,E,2973,4.25,2006,5126,1,50263
488,West Branch,IA,West Branch IA,41.6667496,-91.3834688,E,3500,2.25,,2326,1,52358
489,West Des Moines,IA,West Des Moines IA,41.5489442,-93.8431505,E,4000,4.25,,46403,1,50265
493,Coeur D'Alene,ID,Coeur D'Alene ID,47.7014528,-116.8270938,E,3000,4,2004,34514,1,83814
503,Decatur,IL,Decatur IL,39.8557892,-89.0581675,E,4500,3.67,2014,75407,1,62521
504,Downer's Grove,IL,Downer's Grove IL,41.7911647,-88.0553293,E,3300,13.48,2012,48163,1,60515
506,Eureka,IL,Eureka IL,40.7160377,-89.3170642,E,3250,6,2015,5295,1,61530
508,Highland Park,IL,Highland Park IL,42.1878203,-87.8407448,E,2765,8,,31614,1,60035
509,Hoffman Estates,IL,Hoffman Estates IL,42.0722844,-88.1865798,E,3300,2,2013,51895,1,60179
512,Morton,IL,Morton IL,40.6092503,-89.5042092,E,3300,4.88,2005,15757,1,61550
513,Normal,IL,Normal IL,40.5269138,-89.0571695,E,3200,4.6,2006,45386,1,61761
516,Park Ridge,IL,Park Ridge IL,42.0158236,-87.8780333,E,2800,2.75,2016,37480,1,60068
517,Peoria,IL,Peoria IL,40.7480158,-89.6924275,E,2600,7.8,2017,114265,1,61601
521,Rolling Meadows,IL,Rolling Meadows IL,42.0751747,-88.0657041,E,3604,4.76,2001,23682,1,60008
523,Urbana,IL,Urbana IL,40.1153129,-88.2630859,E,3100,4.94,2012,41250,1,61801
524,Wheeling,IL,Wheeling IL,42.0772071,-87.7990499,E,3000,2,2015,37648,1,60090
525,Wilmette,IL,Wilmette IL,42.1084126,-87.7758557,E,3590,12,2019,27418,1,60091
526,Winetka,IL,Winetka IL,42.1084126,-87.7758557,E,3400,21.83,2014,12370,1,60093
528,Anderson,IN,Anderson IN,40.0946628,-85.745305,E,2500,3.5,2002,59734,1,46011
532,Bargersville,IN,Bargersville IN,39.5417485,-86.2648058,E,2350,9.46,2005,2120,1,46106
538,Brazil,IN,Brazil IN,39.5203692,-87.1583082,E,3800,5,2021,8380,1,47834
539,Brownsburg,IN,Brownsburg IN,39.9632426,-86.2724664,E,2900,5,2006,14520,1,46112
540,Carmel,IN,Carmel IN,39.9632426,-86.2724664,E ,4150,5.57,2013,85927,1,46032
541,Cedar Lake,IN,Cedar Lake IN,41.3672372,-87.50826,E,2903,5,2006,9279,1,46303
542,Centerville,IN,Centerville IN,39.8195112,-85.0094931,E,3536,8.5,2004,2624,1,47330
547,Clarksville,IN,Clarksville IN,38.3269558,-85.8058343,E,2527,2.95,2004,21400,1,47129
548,Connersville,IN,Connersville IN,39.6700187,-85.1790903,E,2662,5.15,,15411,1,47331
556,Dyer,IN,Dyer IN,41.4944653,-87.5239165,E,4343,6,1991,13895,1,46311
557,Elkhart County,IN,Elkhart County IN,41.5978827,-85.9981084,E,3600,1.25,,2008,1,
559,Fishers,IN,Fishers IN,39.964003,-86.1093958,E ,3318,6.66,,79127,1,46038
560,Floyd County,IN,Floyd County IN,38.2993667,-86.0369381,E ,3700,3.25,2007,70823,1,
561,Fort Wayne,IN,Fort Wayne IN,41.0825282,-85.2909823,E ,2500,5.15,,255824,1,46802
565,Goshen,IN,Goshen IN,41.5760864,-85.91357,E,2800,1.25,,29383,1,46526
566,Greendale,IN,Greendale IN,39.1276223,-84.8825272,E,3000,4.39,,4296,0.8,46815
567,Greenfield,IN,Greenfield IN,39.7911543,-85.8487591,E,2250,2,2005,14600,1,46140
569,Greenwood,IN,Greenwood IN,39.6041199,-86.172417,E,2800,5,2012,51584,1,46142
570,Griffith,IN,Griffith IN,41.6424477,-87.548875,E ,2200,5.27,2005,17334,1,46319
576,Jasper,IN,Jasper IN,38.399047,-87.0126351,E ,5000,3.96,2003,12100,1,47546
577,Jeffersonville,IN,Jeffersonville IN,38.3350273,-85.7659425,E ,2500,3.5,,27362,1,47130
580,Lafayette,IN,Lafayette IN,40.4050411,-86.8932353,E ,3200,5,2009,56397,1,47901
583,Lebanon,IN,Lebanon IN,40.0527497,-86.5074923,E ,3000,4.75,,15259,1,46052
587,Marion,IN,Marion IN,40.5351239,-85.6705823,E ,2521,5,2001,31320,1,46952
588,McCordsville,IN,McCordsville IN,39.9026116,-85.938757,E ,2250,7.5,2005,1134,1,46055
591,Monroe County,IN,Monroe County IN,39.1734162,-86.641627,E ,5200,2.93,2011,137974,1,
594,New Albany,IN,New Albany IN,38.3145902,-85.8937056,E ,2500,4.17,2005,37603,1,47150
596,New Haven,IN,New Haven IN,41.0739362,-85.099387,E ,2534,5.35,,12406,1,46774
597,North Manchester,IN,North Manchester IN,41.0062197,-85.8091998,E ,2650,3.45,1994,5932,1,46962
600,Peru,IN,Peru IN,40.7603623,-86.158887,E ,3497,4,,12994,1,46970
602,Plainfield,IN,Plainfield IN,39.6996924,-86.4536979,E ,3000,8.34,,18396,1,46168
604,Portage,IN,Portage IN,41.4901655,-87.356272,E ,3500,12,2009,36828,1,46368
608,Seymour,IN,Seymour IN,38.9455946,-85.9504865,E ,2840,4,,,1,47274
611,Southport,IN,Southport IN,39.6588985,-86.1192965,E ,4440,6,2016,1763,0.9,46227
615,Vincennes,IN,Vincennes IN,38.6855336,-87.5789915,E ,2800,3,,18701,1,47591
617,Warrick County,IN,Warrick County IN,38.0627012,-87.3854136,E ,3100,5,2006,52383,1,
618,Warsaw,IN,Warsaw IN,41.2475568,-85.9068235,E ,3550,2.95,,,1,46580
619,Washington,IN,Washington IN,38.6584098,-87.2084518,E ,2558,4.25,2004,11380,1,47501
620,West Layfayette,IN,West Layfayette IN,40.4526508,-86.9518622,E,3200,8,2013,30419,1,47906
622,Whiteland,IN,Whiteland IN,39.5511982,-86.1205247,E,3704,7.5,2010,4169,1,46184
623,Winfield,IN,Winfield IN,41.4093034,-87.328385,E,4343,6,2010,4530,0.8,46307
624,Yorktown,IN,Yorktown IN,40.1910597,-85.5098739,E ,2500,2,,4785,1,47396
625,Zionsville,IN,Zionsville IN,39.9608843,-86.3141628,E,4400,3.86,2010,24159,1,46077
632,Derby,KS,Derby KS,37.5552611,-97.2840955,E,2233,3,2012,22158,1,67037
634,El Dorado,KS,El Dorado KS,37.8098842,-96.9292656,E ,2314,3,2008,12057,1,67042
636,Fairway,KS ,Fairway KS ,39.0248451,-94.645311,E ,3200,5,,3952,0.5,
638,Hays,KS,Hays KS,38.8809775,-99.3881276,E ,3369,3.62,2011,20013,1,
643,Lawrence,KS,Lawrence KS,38.97355,-95.2859463,E ,2366,4.5,1997,80098,1,
645,Lenexa,KS,Lenexa KS,38.9540135,-94.8069826,E ,2750,9.08,2000,40238,0.9,
648,Mission,KS,Mission KS,39.0258465,-94.655912,E ,2600,19,2004,9727,0.9,
651,Ottawa,KS,Ottawa KS,38.5922333,-95.2977624,E,2600,4,2012,12620,1,
652,Overland Park,KS,Overland Park KS,38.905672,-94.6843604,E,2485,2,2001,149080,0.9,
655,Pittsburg,KS,Pittsburg KS,37.4169254,-94.7396133,E,3106,3.86,2003,19243,1,
657,Shawnee,KS,Shawnee KS,39.0129707,-95.8481135,E,2773,6,2004,64680,1,
662,Wichita,KS,Wichita KS,37.6647979,-97.5837234,E,2139,3,,344284,1,
664,Danville,KY,Danville KY,37.6437497,-84.8505345,E,3813,3.36,2007,15385,1,
666,Henderson,KY,Henderson KY,37.8416797,-87.6564351,E,3000,5,1998,27373,1,
667,Hopkinsville,KY,Hopkinsville KY,36.7999603,-87.6020942,E,3350,3,2006,260512,1,
668,Lexington/Fayette County,KY,Lexington/Fayette County KY,38.0285173,-84.6116482,E,2500,4.9,2009,693604,1,
669,Louisville/Jefferson Co.,KY,Louisville/Jefferson Co. KY,38.1889916,-85.8168536,E,2500,10.58,1987,30089,1,
671,Oldham County,KY,Oldham County KY,38.4047271,-85.5307653,E,6000,3.91,2008,40502,1,
672,Radcliff,KY,Radcliff KY,37.8117107,-86.00273,E,2800,5.26,2003,21961,1,
673,Sanitation District 1,KY,Sanitation District 1 KY,39.0307124,-84.5340109,E,2600,4.54,2003,290000,1,
676,Bellingham,MA,Bellingham MA,42.0765087,-71.5421728,E,3025,8,2020,17182,1,
677,Braintree,MA,Braintree MA,42.0843627,-71.097703,E,2780,2.08,,8380,1,
681,Chicopee,MA,Chicopee MA,42.1711211,-72.6413195,E,2000,8.33,1998,54653,1,
682,Fall River,MA,Fall River MA,41.6855104,-71.2447918,E,2800,13.33,2008,91938,1,
684,Longmeadow,MA,Longmeadow MA,42.0483386,-72.6047734,T,3400,4.43,2017,15827,1,
693,Westford,MA,Westford MA,42.5902411,-71.5118414,E,3500,6.25,2019,24310,1,
697,Baltimore,MD,Baltimore MD,39.2848183,-76.6905364,E,1050,5,2013,619493,1,
700,Centreville,MD,Centreville MD,39.0428938,-76.0950193,E,3200,2.5,2013,4334,1,
702,Frederick,MD,Frederick MD,39.4405686,-77.454222,E ,1000,1.25,2013,,1,
705,Hagerstown,MD,Hagerstown MD,39.6368232,-77.7577229,E ,1000,2.67,2020,,1,
707,Howard County,MD,Howard County MD,39.236328,-77.082304,E,3000,7.5,2013,293142,0.8,
708,Montgomery County,MD,Montgomery County MD,39.144105,-77.3481781,E,2406,8.69,2002,873341,1,
709,Prince George's County,MD,Prince George's County MD,38.8335633,-77.1595678,E,2465,3.46,2013,871233,1,
710,Rockville,MD,Rockville MD,39.0869125,-77.2161883,E ,2330,11,2007,47388,1,
711,Salisbury,MD,Salisbury MD,38.3774171,-75.6600986,E ,3344,1.67,2014,31507,1,
713,Takoma Park,MD,Takoma Park MD,38.9820252,-77.021418,E ,1228,7.67,1996,17299,1,
714,Augusta,ME,Augusta ME,44.3333464,-69.870774,E ,2700,7.54,,18560,1,
715,Bangor,ME,Bangor ME,44.829648,-68.8590188,E,3000,1.83,2012,33011,1,
718,Portland,ME,Portland ME,43.6669249,-70.3515969,E ,1200,6.75,,,1,
721,Berkley,MI,Berkley MI,42.5487221,-83.2529758,E,2600,5.18,2001,15531,1,
722,Birmingham,MI,Birmingham MI,42.5487221,-83.2529758,E,4317,16.75,2017,21007,1,
769,Cloquet,MN,Cloquet MN,46.7219926,-92.5577387,E ,4312,4,2011,12148,1,
780,Duluth,MN,Duluth MN,46.7651382,-92.2509863,E ,1708,6.75,1998,86227,1,55801
792,Faribault,MN,Faribault MN,44.3035612,-93.3494748,E ,3500,3.8,2001,23450,1,55021
811,Isanti,MN,Isanti MN,45.4913053,-93.2748274,E ,3765,7.88,2013,5721,1,55040
841,Minneapolis,MN,Minneapolis MN,44.970797,-93.331518,E ,1530,13.09,2005,387753,1,55401
915,Two Harbors,MN,Two Harbors MN,47.0287722,-91.7075959,E ,1718,4,1999,3613,1,55616
928,White Bear Township,MN,White Bear Township MN,45.0914183,-93.1157385,E ,4000,7,1992,11293,0.8,55616
934,Arnold,MO,Arnold MO,38.4213617,-90.4476948,E ,1750,3,2005,21013,1,63010
937,Kansas City,MO,Kansas City MO,39.0921167,-94.8559002,E ,500,2.5,1992,463202,1,64101
942,Helena,MT,Helena MT,46.5934545,-112.0857335,E ,2222,1.48,1988,25780,1,59601
945,Whitefish,MT,Whitefish MT,48.4296597,-114.440446,E ,2400,16.67,2006,5032,1,59937
946,Archdale,NC,Archdale NC,35.9025658,-80.0394167,E,3163,5,,11415,0.8,27263
947,Asheville,NC,Asheville NC,35.5391304,-82.7054889,E,2442,5.1,2004,84458,1,28801
949,Belmont,NC,Belmont NC,35.2178041,-81.1074054,E,2500,3,,10076,1,28012
954,Carolina Beach,NC,Carolina Beach NC,34.0381957,-77.912144,E ,2000,9,2002,4701,1,28428
955,Carrboro,NC,Carrboro NC,35.9210777,-79.1093307,T ,2800,6.25,2017,21265,1,27510
958,Clemmons,NC,Clemmons NC,36.0347818,-80.4276238,E ,3952,5,1993,13827,1,27012
959,Concord,NC,Concord NC,35.3942232,-80.6986903,E ,3120,5.16,2005,79066,1,28025
963,Cumberland County ,NC,Cumberland County  NC,35.0507871,-78.9439733,E ,2266,1,1995,302963,1,
964,Dallas,NC,Dallas NC,35.3157703,-81.1913421,E ,2500,3.1,,3402,1,28034
966,Durham,NC,Durham NC,36.0020232,-79.0249944,E ,4300,2,1997,228330,1,27701
969,Fayetteville,NC,Fayetteville NC,35.0747964,-79.0222712,E,2266,6,2004,200564,1,28301
971,Gastonia,NC,Gastonia NC,35.2369162,-81.3422208,E,2650,3.25,2001,71741,1,28051
973,Goldsboro,NC,Goldsboro NC,35.3789262,-78.1185214,E,3000,4.5,2017,36437,1,27530
976,Greensboro,NC,Greensboro NC,36.1003778,-79.9034182,E ,2543,2.7,1994,269666,1,27401
979,High Point,NC,High Point NC,35.9996877,-80.1237524,E ,2588,2,,104371,1,27260
985,Jacksonville,NC,Jacksonville NC,34.7269594,-77.5339575,E ,2850,5,2006,66715,1,28540
987,Kernersville,NC,Kernersville NC,36.0944397,-80.1594218,E ,2980,3.29,2006,23123,1,27284
988,Kings Mountain,NC,Kings Mountain NC,35.2292857,-81.5214909,E ,2000,2.5,2014,10791,1,28086
989,Kinston,NC,Kinston NC,35.2742776,-77.6153409,E ,3059,4.5,2008,22346,1,28501
993,Lowell,NC,Lowell NC,35.2695947,-81.120541,E,2827,6.75,2021,3526,1,
999,Mooresville,NC,Mooresville NC,35.5831373,-80.9074002,E ,2700,3.4,2014,34887,1,
1000,Morrisville,NC,Morrisville NC,35.8329796,-78.8746354,E,2800,1.92,2012,19184,1,
1003,New Bern,NC,New Bern NC,35.0777983,-77.1451318,E,3100,2.1,2012,29524,1,
1006,Oxford,NC,Oxford NC,36.31994,-78.6186984,E ,2500,2,,8338,1,
1012,Rocky Mount,NC,Rocky Mount NC,35.9846031,-77.8899377,E ,2519,5,2003,57477,1,
1013,Salisbury,NC,Salisbury NC,35.6800696,-80.5649603,E ,2500,4,2012,33834,1,
1014,Shelby,NC,Shelby NC,35.2849855,-81.6874095,E ,2600,2.5,2014,20325,1,
1016,Stallings,NC,Stallings NC,35.1029248,-80.7394847,E ,2060,2.12,2007,13831,0.8,
1017,Statesville,NC,Statesville NC,35.7770908,-81.0141049,E ,3050,4.7,2019,26506,1,
1020,Tarboro,NC,Tarboro NC,35.9005862,-77.6241038,E,2000,3,2018,11415,1,
1022,Wallace,NC,Wallace NC,34.7430725,-78.0746592,E,2400,4.85,,3880,1,
1025,Wilmington,NC,Wilmington NC,34.2073402,-78.0121536,E ,2500,8.19,2004,106476,1,
1026,Wilson,NC,Wilson NC,35.742951,-78.0929609,E ,2585,4.5,2002,49167,1,
1028,Winterville,NC,Winterville NC,35.5220157,-77.4367415,E ,2000,2,2007,9269,1,
1046,Ashland,OH,Ashland OH,40.867284,-82.3791286,E ,3052,3.5,2006,20367,1,
1047,Ashville,OH,Ashville OH,39.7239482,-82.9940808,E,2530,3,2006,4120,1,
1048,Avon ,OH,Avon  OH,41.4486059,-82.0887552,E ,4300,2,2018,21193,1,
1049,Barberton,OH,Barberton OH,41.0088448,-81.6771171,E,8668,5,2006,26455,1,
1050,Bellefontaine,OH,Bellefontaine OH,40.3559636,-83.8458487,E,2400,3.75,2001,13322,1,
1051,Boardman,OH,Boardman OH,41.0248003,-80.733501,E,4764,3.12,2018,35376,0.5,
1052,Broadview Heights,OH,Broadview Heights OH,41.2463812,-81.8578198,E,4000,4,2007,19247,1,
1053,Brunswick,OH,Brunswick OH,41.2463812,-81.8578198,E,3500,4.95,2011,34441,1,
1054,Buckeye Lake,OH,Buckeye Lake OH,39.9335655,-82.5193258,E,2700,4,2013,2703,1,
1055,Bucyrus,OH,Bucyrus OH,40.8077682,-83.0052714,E,2506,7.2,2000,12253,1,
1056,Butler County,OH,Butler County OH,39.4418386,-84.7158316,E ,4000,1.08,2003,369999,1,
1058,Canal Winchester,OH,Canal Winchester OH,39.8436372,-82.8773292,E ,3001,3,2010,7191,1,
1059,Canfield,OH,Canfield OH,41.0337619,-80.8003874,E,3050,3.12,1992,7464,1,
1060,Celina,OH,Celina OH,40.5530323,-84.6283271,E,3083,2,2008,10406,1,
1063,Columbus,OH,Columbus OH,39.9831302,-83.130912,E,2000,4.68,1994,797434,1,
1067,Cuyahoga Falls,OH,Cuyahoga Falls OH,41.1620055,-81.5886761,E ,3000,5,1992,49473,1,
1069,Deerfield Regional Stormwater District,OH,Deerfield Regional Stormwater District OH,39.372697,-84.3146436,E,3407,1.92,2006,,1,
1070,Delaware,OH,Delaware OH,40.2829109,-83.1406451,E,2773,2.5,1998,35541,1,
1071,East Liverpool,OH,East Liverpool OH,40.6341981,-80.6289167,E,7773,6.5,2018,10691,1,
1072,Elyria,OH,Elyria OH,41.3758526,-82.1813107,E,2700,2.65,2016,,1,
1076,Franklin,OH,Franklin OH,39.5541817,-84.3644531,E,2611,3.5,,11771,1,
1077,Gahanna,OH,Gahanna OH,40.02164,-82.8572975,E,3064,4.33,2004,32636,0.9,
1078,Galion,OH,Galion OH,40.7385915,-82.8363222,E,2650,6,2001,10416,1,
1080,Greenville,OH,Greenville OH,40.1067478,-84.6497069,E ,2800,2.95,2007,13189,1,
1081,Groveport,OH,Groveport OH,39.8583772,-82.9661456,E,2760,2,2008,5363,1,
1082,Hamilton,OH,Hamilton OH,39.3959952,-84.6305356,E ,2536,4.3,2002,62795,1,
1085,Hilliard,OH,Hilliard OH,40.0365742,-83.2171441,E,2000,2.35,2009,28435,1,
1086,Hillsboro,OH,Hillsboro OH,39.2146192,-83.6471169,E,2899,5,2019,6512,1,
1088,Huber Heights,OH,Huber Heights OH,39.858753,-84.1132495,E,3431,2,2002,38278,0.9,
1092,Kent,OH,Kent OH,41.1467771,-81.4212636,E ,1963,4.3,2001,28935,1,
1093,Lake County,OH,Lake County OH,41.6851117,-81.3581174,E ,3050,3.5,2003,229885,0.8,
1094,Lancaster,OH,Lancaster OH,39.7236474,-82.7487621,E ,2600,7.64,2003,39026,1,
1095,Lebanon,OH,Lebanon OH,39.4165966,-84.2851662,E ,2615,3.5,2004,20242,1,
1096,Lexington,OH,Lexington OH,40.6809054,-82.571845,E ,5000,1.5,2004,4784,0.9,
1098,London,OH,London OH,39.8905936,-83.4694793,E ,2766,4,,9896,1,
1099,Lorain County (unincorporated areas),OH,Lorain County OH,41.4708655,-82.3927512,E ,6000,1.5,,,1,
1101,Loveland,OH,Loveland OH,39.2698067,-84.3049403,E ,2500,4.5,2003,12082,1,
1103,Lucas County,OH,Lucas County OH,41.6869451,-83.7195827,E,5500,4.31,2011,440005,1,
1104,Marion,OH,Marion OH,40.6020411,-83.1979092,E,2778,4.16,1997,36689,1,
1105,Marysville,OH,Marysville OH,40.2299589,-83.4189202,E,2700,6,2004,22288,1,
1108,Medina,OH,Medina OH,41.1363615,-81.9365961,E ,2716,2.25,2003,26822,1,
1109,Middletown,OH,Middletown OH,39.5043679,-84.3917323,E ,2814,4,2005,48962,1,
1110,Milford,OH,Milford OH,39.1722379,-84.293796,E ,2400,5.5,2004,6768,1,
1114,Mount Vernon,OH,Mount Vernon OH,40.3786725,-82.5437591,E,2900,6,2019,16659,1,
1115,Muskingum Watershed Conservancy District,OH,Muskingum Watershed Conservancy District OH,40.5768058,-82.0714766,E,3300,1,,2000000,0.5,
1118,Newark,OH,Newark OH,40.0779189,-82.559153,E ,2600,6.5,2005,47790,1,
1119,North Ridgeville,OH,North Ridgeville OH,41.385198,-82.0895051,E ,3820,3.88,2018,33436,1,
1120,Northeast Ohio Regional Sewer District,OH ,Northeast Ohio Regional Sewer District OH ,41.5032541,-81.660613,E ,3000,5.15,2010,,0.5,
1121,Northwood,OH,Northwood OH,41.6057851,-83.5561586,E,2500,3.16,2001,5265,1,
1122,Norwalk,OH,Norwalk OH,41.2471264,-82.626285,E,3800,1.35,2011,16977,1,
1123,Oak Harbor,OH,Oak Harbor OH,41.5129663,-83.160273,E,4200,13,2007,2758,1,
1125,Oberlin,OH,Oberlin OH,41.2843911,-82.2513438,E ,3600,4.39,2018,8312,1,
1126,Painesville,OH,Painesville OH,41.7267953,-81.3232275,E ,2500,2.75,2002,19549,1,
1127,Pickerington,OH,Pickerington OH,39.8963716,-82.8024658,E,2530,4.5,2001,18408,1,
1128,Piqua,OH,Piqua OH,40.1490641,-84.3119641,E,5400,6.7,2009,20592,1,
1129,Poland,OH,Poland OH,41.0206164,-80.631469,E,2500,3.5,2010,2537,0.5,
1130,Portage County,OH,Portage County OH,41.1681972,-81.3364393,E,5800,1.5,2009,162277,1,
1131,Ravenna,OH,Ravenna OH,41.1646423,-81.2810484,E,2750,3,2007,11739,1,
1132,Reynoldsburg,OH,Reynoldsburg OH,39.9597775,-82.8584185,E,2530,2,1996,36293,1,
1135,Sheffield,OH,Sheffield OH,41.453879,-82.1342154,E,2500,3.5,2004,3986,0.8,
1136,Sheffield Lake,OH,Sheffield Lake OH,41.490174,-82.1335219,E,2275,4.85,1999,9145,1,
1137,Sidney,OH,Sidney OH,40.2891598,-84.2372001,E,2752,1.95,1994,21178,1,
1141,Springfield,OH,Springfield OH,39.9355349,-83.926626,E,1898,2.25,2011,60333,1,
1142,Stow,OH,Stow OH,41.1693725,-81.5108776,E,3060,3,,34711,1,
1143,Struthers,OH,Struthers OH,41.0485879,-80.6237983,E,3500,3.5,2007,10640,1,
1144,Tallmadge,OH,Tallmadge OH,41.1011767,-81.4910632,E,3000,2,,17473,1,
1145,Toledo,OH,Toledo OH,41.6567265,-83.714339,E,2500,3.8,1999,286038,1,
1146,Trenton,OH,Trenton OH,39.478906,-84.4936979,E,3000,0.3,2003,11931,1,
1147,Trotwood,OH,Trotwood OH,39.789684,-84.3102913,E,4020,4,,2455,0.9,
1148,Troy,OH,Troy OH,40.0429108,-84.2910476,E ,3000,4.65,2007,25143,1,
1153,Vandalia,OH,Vandalia OH,39.8787421,-84.276394,E,4431,2.3,2004,15317,1,
1154,Wadsworth,OH,Wadsworth OH,41.0312452,-81.8029846,E,3500,4.5,2005,21683,1,
1156,Warren,OH,Warren OH,41.2416144,-80.8872791,E,648,2.92,,41358,1,
1157,Wellington,OH,Wellington OH,41.1617283,-82.2686114,E,2900,3.5,2010,4806,1,
1158,Wooster,OH,Wooster OH,40.8070067,-82.0033807,E,3050,5.75,1985,26139,1,
1161,Zanesville,OH,Zanesville OH,39.9658315,-82.0508778,E,2300,3,1987,25531,1,
1162,Bixby,OK,Bixby OK,36.0187111,-95.9878122,E,2650,4,,21137,1,
1163,Broken Arrow,OK,Broken Arrow OK,36.0185999,-95.7776698,E,2650,6.86,2002,100073,1,
1167,Edmond,OK,Edmond OK,35.6673151,-97.4772828,E,4860,3,1994,82963,1,
1168,Enid,OK,Enid OK,36.3929504,-98.0148684,E,5000,4.79,2009,49451,1,
1171,McAlester,OK,McAlester OK,34.9191322,-95.8485905,E,2650,2,2016,18301,1,
1176,Owasso,OK,Owasso OK,36.293051,-95.9449613,E,3000,4.5,,29854,1,
1178,Sand Springs,OK,Sand Springs OK,36.0029439,-96.2635699,E,2650,5.8,,19140,1,
1180,Stillwater,OK,Stillwater OK,36.1412106,-97.1526453,E ,5000,1,1997,46048,1,
1182,Tulsa,OK,Tulsa OK,36.1524972,-96.0180938,E ,2650,7.03,1986,396466,1,
1185,Albany,OR,Albany OR,44.6272863,-123.1600001,E ,3200,5.28,2017,53211,1,
1187,Beaverton,OR,Beaverton OR,45.4839143,-122.8806596,E ,2640,10.78,1989,91625,1,
1188,Bend,OR,Bend OR,44.0612384,-121.384684,E ,3800,5.46,2007,77905,1,
1190,Central Point,OR,Central Point OR,42.416384,-122.917383,E ,3000,6.5,2005,17308,1,
1191,Clackamas County,OR,Clackamas County OR,45.1734255,-122.5401147,E ,2500,6.95,,380207,1,
1194,Corvallis,OR,Corvallis OR,44.5630734,-123.3535761,E ,2750,9.02,1977,54674,1,97330
1195,Cottage Grove,OR,Cottage Grove OR,43.7958556,-123.0890594,E ,2650,5.15,1998,9734,1,97424
1201,Forest Grove,OR,Forest Grove OR,45.5236644,-123.1820287,E ,2640,7.75,1990,21083,1,97116
1203,Grants Pass,OR,Grants Pass OR,42.4308338,-123.4109971,E ,3700,7.5,,37579,1,97526
1204,Gresham,OR,Gresham OR,45.5110127,-122.5028032,E ,2500,12.12,1994,105594,1,97030
1205,Hillsboro,OR,Hillsboro OR,45.5261868,-123.0057171,E ,2640,9.06,,70186,1,97123
1208,Independence,OR,Independence OR,44.8547644,-123.2315449,E,3250,7.41,2011,8650,1,97351
1210,Keizer,OR,Keizer OR,45.0052371,-123.0573312,E ,3000,7.47,2007,32203,1,97307
1211,Lake Oswego,OR,Lake Oswego OR,45.4115077,-122.7655416,E ,3030,11.76,1992,35278,1,97034
1213,Marion County,OR,Marion County OR,44.9219567,-122.7515348,E ,3000,4.55,,330700,1,
1214,Medford,OR,Medford OR,42.3436931,-122.9141646,E ,3730,10.25,1994,63154,1,97501
1215,Milwaukie,OR,Milwaukie OR,45.4434607,-122.6204634,E ,2706,25.22,1994,20490,0.9,97222
1216,Molalla,OR,Molalla OR,45.149243,-122.6204884,E ,2640,3.87,1999,9218,1,97038
1217,Monmouth,OR,Monmouth OR,44.850705,-123.2640429,E ,3542,11.88,2021,10282,1,97361
1218,Newberg,OR,Newberg OR,45.3064577,-122.9925732,E,2877,11.23,2003,18064,1,97132
1223,Portland,OR,Portland OR,45.5428679,-122.7944095,E ,2280,29.68,1977,593820,1,97201
1226,Rogue Valley Sewer Services,OR,Rogue Valley Sewer Services OR,42.390765,-122.8902183,E,3000,1,,,0.67,97918
1227,Roseburg,OR,Roseburg OR,43.2212697,-123.4065301,E,3000,5.5,,21790,1,97470
1228,Saint Helens,OR,Saint Helens OR,45.8571588,-122.8557659,E,2500,11.71,2003,12905,1,97051
1230,Sandy,OR,Sandy OR,45.4017679,-122.2994379,E,2750,3,2001,9677,1,97055
1231,Scappoose,OR,Scappoose OR,45.7576659,-122.9148665,E,2750,3.13,,6599,1,97056
1232,Sheridan,OR,Sheridan OR,45.0961511,-123.4397889,E,3000,3.5,,6165,1,97378
1235,Sweet Home,OR,Sweet Home OR,44.3991602,-122.7720326,E,3200,2.4,2007,9035,1,97386
1237,Tigard,OR,Tigard OR,45.4248424,-122.8002374,E,2640,6.75,,49011,0.9,97224
1238,Troutdale,OR,Troutdale OR,45.5361267,-122.4338687,E,2700,6.4,,16244,1,97060
1239,Tualatin,OR,Tualatin OR,45.3759638,-122.8398706,E,2640,6.96,,26558,1,97062
1241,Washington County,OR,Washington County OR,45.5487549,-123.394946,E,2640,6.75,,540410,1,
1242,West Linn,OR,West Linn OR,45.313043,-122.8076681,E,2914,5.58,,25392,1,97068
1243,Wilsonville,OR,Wilsonville OR,45.313043,-122.8076681,E,2750,5.25,,19715,1,97070
1244,Allentown,PA,Allentown PA,40.5931867,-75.5538597,E,500,10,2018,120207,1,18101
1245,Baldwin Borough,PA,Baldwin Borough PA,40.3710131,-80.0082489,E,2200,8,2021,19752,0.5,
1247,Borough of Carlisle,PA,Borough of Carlisle PA,40.2001052,-77.2439197,E,2410,7,2017,19259,1,17013
1250,Brighton Township,PA,Brighton Township PA,40.7033444,-80.4303951,E,4700,5.5,2018,8369,0.5,17268
1253,Chester,PA,Chester PA,39.8440296,-75.4098049,E ,1139,8.25,2017,33972,1,19013
1255,Coraopolis,PA,Coraopolis PA,40.7097665,-80.1740128,E ,1900,7,2019,5530,1,15108
1257,Derry Township,PA,Derry Township PA,40.2842506,-76.6992849,E ,3800,6.5,2016,25074,1,15627
1258,Dormont Borough,PA,Dormont Borough PA,40.3946654,-80.0396798,T ,1883,8,2015,8319,0.67,17981
1260,Easton,PA,Easton PA,40.6789795,-75.3066556,E ,1797,6.75,2018,27109,1,18040
1261,Ebensburg,PA,Ebensburg PA,40.4890258,-78.7323452,E ,2830,8,2014,3269,1,15931
1263,Fox Chapel Borough,PA,Fox Chapel Borough PA,40.5217775,-79.9208425,E,8400,12.5,2019,5274,0.8,15238
1266,Hampden Township,PA,Hampden Township PA,40.2623438,-77.0452786,E ,3534,4.42,2015,28044,0.5,17350
1267,Hampton Township,PA,Hampton Township PA,40.5851643,-79.9881473,E ,3300,9.58,2019,18235,0.8,17350
1268,Hanover Borough,PA,Hanover Borough PA,39.811752,-76.9991505,E ,2250,5.54,2019,15607,1,17331
1271,Jonestown,PA,Jonestown PA,40.412321,-76.4893917,E,3100,6.67,2012,1931,1,17038
1272,Lancaster,PA,Lancaster PA,40.0400359,-76.3353683,E,1000,7.74,2014,59325,1,17601
1273,Lebanon,PA,Lebanon PA,40.338224,-76.4561319,E,1780,5,,25902,1,17042
1275,Lower Allen Township,PA,Lower Allen Township PA,40.2003655,-76.9964441,E,3115,6.33,2019,19338,0.8,17011
1276,Lower Paxton Township,PA,Lower Paxton Township PA,40.2167214,-76.8312911,E,3400,10.67,2019,49050,1,17872
1277,Lower Swatara Township,PA,Lower Swatara Township PA,40.2167214,-76.8312911,E,3750,7,2019,8268,1,17948
1278,Lycoming County,PA,Lycoming County PA,41.343882,-77.055262,T,2480,10,2020,116111,1,
1279,Meadville,PA,Meadville PA,41.6488249,-80.1824029,E,2660,7.5,2012,13616,1,16335
1280,Monroeville,PA,Monroeville PA,40.4243167,-79.7966878,E,2385,10,2018,28445,1,15146
1281,Moon Township,PA,Moon Township PA,40.5058518,-80.2808384,E,3800,5.5,2020,25580,0.8,15108
1282,Mount Lebanon,PA,Mount Lebanon PA,40.3765791,-80.0858933,E,2400,8,2011,33137,1,17042
1283,New Castle,PA,New Castle PA,40.992977,-80.3917414,E,2500,6,,22142,1,16101
1284,New Sewickley Township,PA,New Sewickley Township PA,40.7229425,-80.2737195,E,6800,6,2020,7197,1,15205
1286,North Lebanon Township,PA,North Lebanon Township PA,40.3642422,-76.4905468,E,3755,3.35,2018,11429,1,17042
1287,North Middleton Township,PA,North Middleton Township PA,40.2437554,-77.2871946,E,3100,8,2020,11649,0.8,15757
1288,O'Hara Township,PA,O'Hara Township PA,40.5099993,-79.9109564,E,3200,8,2020,8892,1,
1290,Plum Borough,PA,Plum Borough PA,40.4974768,-79.8392392,E,2500,5,2015,27135,0.8,15239
1291,Radnor Township,PA,Radnor Township PA,40.0282035,-75.367711,E,1500,4.83,,31531,0.9,19087
1292,Silver Spring Township,PA,Silver Spring Township PA,40.2498532,-77.0914674,E,4000,9,2019,13657,1,17575
1296,Upper Allen Township,PA,Upper Allen Township PA,40.1801868,-77.0069053,E,3800,5,2018,19857,1,18101
1297,Waynesborough,PA,Waynesborough PA,39.7524511,-77.6177879,E,1600,3.42,2015,10877,1,17268
1299,White Township,PA,White Township PA,40.6145339,-79.1874544,E,3700,2,2015,15821,1,15490
1300,Whitehall Borough,PA,Whitehall Borough PA,40.3616791,-80.0233434,E,2800,8,2014,13648,0.8,17821
1301,Wyoming Valley,PA,Wyoming Valley PA,41.4495055,-76.1335865,E,1000,5.1,2018,68900,1,18644
1305,Beaufort,SC,Beaufort SC,32.4460749,-80.7957308,E,4906,11.25,,12534,1,29901
1306,Beaufort County,SC,Beaufort County SC,32.3908754,-80.9412092,E,4906,7.25,2005,164684,1,
1307,Berkeley County,SC,Berkeley County SC,33.1644621,-80.1843649,E ,2760,4,2014,194020,1,
1308,Bluffton,SC,Bluffton SC,32.2087304,-81.0013042,E,4906,8.17,2001,12734,1,29910
1309,Charleston,SC,Charleston SC,32.8212559,-80.1105615,E,2200,10,1994,122689,1,29401
1312,Columbia,SC,Columbia SC,34.0377603,-81.2177479,E,2454,11.8,2002,130591,1,29201
1313,Conway,SC,Conway SC,33.8440582,-79.1178172,E,2700,5.25,2003,17513,1,29526
1314,Dorchester County,SC,Dorchester County SC,33.0756674,-80.5754936,E,3735,3.73,2002,140892,1,
1315,Easley,SC,Easley SC,34.8212429,-82.6535648,E,5000,2,2003,20058,1,29640
1316,Florence,SC,Florence SC,34.1704284,-79.9346836,E,2500,3.5,1981,37326,1,29501
1318,Fort Mill,SC,Fort Mill SC,34.99805,-81.0081253,E,3473,6,,,1,29708
1320,Georgetown County,SC,Georgetown County SC,33.4150938,-79.5840163,E,3770,4.33,2007,55797,1,
1321,Greenville,SC,Greenville SC,34.8332339,-82.3978499,E,2389,6.26,1995,56002,1,29601
1323,Greer,SC,Greer SC,34.949824,-82.3923399,E,2500,2.08,2002,16843,1,29650
1325,Hilton Head Island,SC,Hilton Head Island SC,32.1836148,-80.8174359,E,4906,9.06,2001,33862,1,29925
1326,Horry County,SC,Horry County SC,33.9347239,-79.199388,E,5000,3.7,2000,196629,1,
1331,Myrtle Beach,SC,Myrtle Beach SC,33.7198685,-78.9488473,E,5000,6.25,1999,22759,1,29572
1333,North Charleston,SC,North Charleston SC,32.9133586,-80.1598147,E,2900,6,2003,79641,1,29405
1334,North Myrtle Beach,SC,North Myrtle Beach SC,33.825091,-78.8299731,E,3500,8,2005,14118,1,29582
1335,Port Royal,SC,Port Royal SC,32.3570582,-80.7860429,E,4906,4.17,,10790,1,29935
1337,Spartanburg,SC,Spartanburg SC,34.9421015,-81.9924612,E ,2000,3.5,2010,37334,1,29301
1343,Tega Cay,SC,Tega Cay SC,35.0379528,-81.0502053,E,3500,9,,7773,0.8,29715
1348,Alcoa,TN,Alcoa TN,35.8210354,-84.0399613,E,2696,4,2008,8570,1,37701
1349,Belle Meade,TN,Belle Meade TN,36.0978733,-86.8741565,E,12200,7.47,2010,2881,0.8,37801
1352,Cleveland,TN,Cleveland TN,35.180662,-85.0217579,E,3830,3.25,2015,41285,1,37311
1354,Dyersburg,TN,Dyersburg TN,36.0388994,-89.4461847,E,1500,1,2012,17043,1,38024
1355,Franklin,TN,Franklin TN,35.9055817,-86.9179802,E,3350,3.65,2004,66280,1,37064
1356,Gallatin,TN,Gallatin TN,36.382359,-86.6093749,E,3650,5,2018,30278,1,37066
1361,Hendersonville,TN,Hendersonville TN,36.3082514,-86.7378709,E,3930,6,2018,57050,1,37075
1363,Kingsport,TN,Kingsport TN,36.5066563,-82.6678364,E ,3794,3.5,2011,49232,1,37660
1364,La Vergne,TN,La Vergne TN,36.1871121,-86.4893224,E ,3181,3.5,2005,33389,1,37086
1368,Maryville,TN,Maryville TN,35.743162,-84.144293,E ,2400,3.97,2003,27646,1,37801
1369,Memphis,TN,Memphis TN,35.1293862,-90.1108704,E ,3147,4.64,2006,652050,1,38101
1370,Millington,TN,Millington TN,35.3333848,-89.9625592,E ,3000,3.8,2006,10257,1,38053
1371,Morristown,TN,Morristown TN,36.2024483,-83.4524259,E ,2400,2.5,2008,29374,1,37813
1372,Murfreesboro,TN,Murfreesboro TN,35.8618207,-86.4904887,E ,3470,3.25,2007,100575,1,37127
1376,Signal Mountain,TN,Signal Mountain TN,35.1438666,-85.3838079,E ,3960,3.3,2002,7655,1,37377
1377,Smyrna,TN,Smyrna TN,35.9721389,-86.5779183,E ,3543,3.47,2008,25569,1,37167
1378,Spring Hill,TN,Spring Hill TN,35.7427291,-86.9936722,E ,3412,3.5,2009,29735,1,37174
1379,Springfield,TN,Springfield TN,36.4975905,-86.9494792,E ,3465,2,,,1,37172
1384,Amarillo,TX,Amarillo TX,35.2021668,-101.9450239,E,2800,2.82,2011,193675,1,79101
1385,Arlington,TX,Arlington TX,32.7020541,-97.2754967,E,2800,7.5,1994,373698,1,76001
1386,Austin,TX,Austin TX,30.3079827,-97.8934852,E,1763,13.57,2003,820611,1,78701
1387,Azle,TX,Azle TX,32.910159,-97.6200043,E,1500,3,2000,11170,1,76020
1388,Baytown,TX,Baytown TX,29.7460443,-95.0928383,E,1979,3,2004,73322,1,77520
1389,Bedford,TX,Bedford TX,32.8450023,-97.1691774,E,2727,4.5,2002,48043,1,76021
1391,Benbrook,TX,Benbrook TX,32.6853499,-97.5268988,E,3186,6.5,2007,21715,0.5,
1393,Boerne,TX,Boerne TX,29.7889095,-98.8150783,E,4700,4,2019,16056,1,78006
1394,Brenham,TX,Brenham TX,30.1591172,-96.4284039,E,2685,3.75,2019,16951,1,77833
1396,Burkburnett,TX,Burkburnett TX,34.0699978,-98.6310723,E,3500,1.5,2007,10740,1,76354
1397,Celina,TX,Celina TX,33.3287558,-96.8740005,E,5000,7.9,2016,6744,1,75009
1398,Cibolo,TX,Cibolo TX,29.5600373,-98.3258712,E,2889,5,,15853,1,78108
1405,Corinth,TX,Corinth TX,33.141519,-97.102076,E,3900,6,,20662,0.8,75831
1409,Deer Park,TX,Deer Park TX,29.704768,-95.1509128,E,4250,1.45,2012,32706,1,77536
1412,Duncanville,TX,Duncanville TX,32.6477614,-96.9479669,E,4300,3.5,2011,39364,1,75116
1419,Fort Worth,TX,Fort Worth TX,32.8010236,-97.4294025,E ,2600,5.75,2006,686850,1,76101
1422,Gainesville,TX,Gainesville TX,33.6463687,-97.2155458,E ,1895,3.79,1993,16569,1,76240
1425,Georgetown,TX,Georgetown TX,30.6567949,-97.7789894,E ,2808,6.5,,45342,1,78626
1433,Highland Village,TX,Highland Village TX,33.0946769,-97.0928579,E ,4094,5.73,2006,15738,0.8,75067
1435,Hudson Oaks,TX,Hudson Oaks TX,32.7514252,-97.7332058,E ,6477,5.6,2017,1865,0.5,
1439,Keller,TX,Keller TX,32.9357776,-97.2561469,E ,3731,7,,37700,1,76244
1442,Kingsville,TX,Kingsville TX,27.5028167,-97.8968279,E,2425,1.25,2012,26322,1,78363
1449,Little Elm,TX,Little Elm TX,33.1899805,-96.9995828,E,3687,3.35,2011,25797,1,75068
1450,Live Oak,TX,Live Oak TX,29.5555232,-98.3572951,E,3007,12.79,2009,12471,1,
1455,McAllen,TX,McAllen TX,26.226119,-98.3266803,E,2700,1.5,2018,142212,1,78501
1456,McKinney,TX,McKinney TX,33.2158662,-96.7232141,E,2343,4,,112000,1,75069
1464,New Braunfels,TX,New Braunfels TX,29.7031735,-98.2065207,E,2690,4.59,2000,36494,1,78130
1469,Princeton,TX,Princeton TX,33.1968509,-96.5248988,E,3950,4.85,2016,9405,1,75407
1481,San Marcos,TX,San Marcos TX,29.8689983,-97.9970408,E ,2575,12.89,1999,53205,1,78666
1484,Selma,TX,Selma TX,29.5842385,-98.3483629,E ,3433,4.12,2010,5046,0.8,78154
1485,Sherman,TX,Sherman TX,33.6196052,-96.7017733,E ,3400,1,2017,41567,1,75090
1486,Southlake,TX,Southlake TX,32.9627064,-97.2209773,E ,1000,8,2006,26224,1,76092
1488,Sunset Valley,TX,Sunset Valley TX,30.2276019,-97.8339436,E ,3350,4,,919,0.8,78745
1489,Taylor,TX,Taylor TX,30.5796459,-97.4723063,E ,2500,3,2010,16106,1,76574
1498,Weatherford,TX,Weatherford TX,32.7674042,-97.8912646,E,3300,4.5,,25557,1,76086
1501,Wichita Falls,TX,Wichita Falls TX,33.9162356,-98.6594425,E,3500,5,2000,104197,1,76301
1506,Bountiful City,UT,Bountiful City UT,40.8722071,-111.9269902,E,3828,7,,41301,1,84010
1507,Cedar Hills,UT ,Cedar Hills UT ,40.4123308,-111.7716896,E ,2900,11.18,1998,10066,0.5,
1508,Centerville,UT,Centerville UT,40.928779,-111.9195149,E ,3600,4,2007,14585,1,84014
1509,Draper City,UT,Draper City UT,40.4935306,-111.8874854,E ,3000,9,2001,25220,1,84020
1510,Eagle Mountain,UT,Eagle Mountain UT,40.3139778,-112.0738002,E ,2500,5,2010,2157,1,84005
1512,Farmington,UT,Farmington UT,40.985088,-111.9451824,E ,4083,7,2003,12081,1,84025
1513,Herriman,UT,Herriman UT,40.4969518,-112.0648214,E ,4000,7,2019,44877,1,84096
1514,Holladay,UT,Holladay UT,40.6587756,-111.821532,E ,5200,6.5,2020,30636,0.9,84117
1518,Logan,UT,Logan UT,41.7451807,-111.9108431,E ,3000,5.5,2005,42670,1,84321
1519,Midvale,UT,Midvale UT,40.6886585,-111.9499577,E ,3000,8,2004,27029,1,84047
1521,Moab,UT,Moab UT,38.5744598,-109.5864379,E ,3000,4,2008,4779,1,84532
1522,Murray,UT,Murray UT,40.6552345,-111.8823676,E ,3400,6.3,2006,46558,0.9,84107
1524,North Logan,UT,North Logan UT,41.7768802,-111.876591,E ,4700,4,2007,6163,0.8,84321
1526,Ogden,UT,Ogden UT,41.2228333,-112.0427136,E ,1500,7.85,,77226,1,84401
1527,Orem,UT,Orem UT,40.2953918,-111.7655023,E ,2700,7.1,1996,84324,1,84057
1528,Park City,UT,Park City UT,40.6482218,-111.5349809,E ,2000,6.1,2016,7873,1,84060
1529,Payson,UT,Payson UT,40.0379768,-111.7968776,E ,2700,5.43,,16748,1,84651
1530,Provo,UT,Provo UT,40.2575125,-111.7789916,E ,3200,9.2,,105166,1,84601
1531,Riverdale,UT,Riverdale UT,41.1776772,-112.0343669,E ,2600,2.2,2005,7656,0.8,84405
1532,Riverton,UT,Riverton UT,40.5163688,-112.0393932,E ,2744,6,2010,25011,1,84065
1534,Salt Lake City,UT,Salt Lake City UT,40.5725138,-111.9192499,E ,2500,7.6,1991,181743,1,84101
1535,Sandy,UT,Sandy UT,40.5725138,-111.9192499,E ,2816,6,,88418,1,84070
1536,Santa Clara,UT,Santa Clara UT,37.1348318,-113.6858148,E ,3500,9.25,2004,4630,1,84765
1537,South Jordan,UT,South Jordan UT,40.559539,-112.0180478,E,4752,7.15,2011,55934,1,84095
1538,Spanish Fork,UT,Spanish Fork UT,40.1621551,-111.6800422,E,3956,9.82,,20246,1,84660
1539,Springville,UT,Springville UT,40.1621551,-111.6800422,E,3800,5.66,2007,25998,1,84663
1540,Sunset City,UT,Sunset City UT,41.1398749,-112.0491364,E,9000,2,2012,5213,0.8,84015
1541,Taylorsville,UT,Taylorsville UT,40.657392,-112.0192753,E,3800,4,2007,58620,0.8,84118
1542,West Jordan,UT,West Jordan UT,40.6031855,-112.0318079,E,10890,5.58,2011,68336,1,84084
1543,West Point,UT,West Point UT,41.1206061,-112.1633207,E,2500,4,2010,6033,0.8,84015
1544,West Valley City,UT,West Valley City UT,40.6787623,-112.1472495,E,2830,4,2001,108869,0.8,84120
1545,Woods Cross,UT,Woods Cross UT,40.8747211,-111.9971972,E,3000,3,2004,6419,1,84087
1546,Alexandria,VA,Alexandria VA,38.8809292,-77.1721958,E,2062,23.33,2017,153511,1,22301
1547,Arlington County,VA,Arlington County VA,38.8809292,-77.1721958,E,2762,2.17,,189453,1,
1550,Chesapeake,VA,Chesapeake VA,36.7086912,-76.4186083,E,2112,7.35,1992,222209,1,23320
1551,Chesterfield County,VA,Chesterfield County VA,37.3900026,-77.7013776,E,2800,2.08,2016,327745,1,
1552,Christiansburg,VA,Christiansburg VA,37.1447113,-80.4539988,E,3030,6,2016,21533,1,24068
1553,Colonial Heights,VA,Colonial Heights VA,37.2659161,-77.4319628,E,2656,4,,16897,1,23834
1555,Galax,VA,Galax VA,36.6607102,-80.9486669,E,4700,1.5,2016,7042,1,24333
1556,Hampton,VA,Hampton VA,37.0232205,-76.5726408,E ,2429,7.83,1994,146437,1,23630
1558,Hopewell,VA,Hopewell VA,37.2876598,-77.3125845,E ,2106,4,2015,22163,1,23860
1559,Isle of Wight County,VA,Isle of Wight County VA,36.8991588,-76.9679681,E ,3200,4.5,2014,35656,1,
1560,James City County,VA,James City County VA,37.310642,-76.8868522,E,3235,4.9,2007,48102,1,
1561,Lynchburg,VA,Lynchburg VA,37.4011321,-79.3185893,E ,2672,4,2012,76504,1,24501
1562,Manassas Park,VA,Manassas Park VA,38.7709257,-77.4846449,E ,2500,2.97,2010,6734,0.7,20113
1563,Newport News,VA,Newport News VA,36.9310137,-76.3798038,E ,1777,11.85,1993,180150,1,23601
1564,Norfolk,VA,Norfolk VA,36.9309382,-76.3097602,E ,2000,11.71,1996,234403,1,23501
1565,Petersburg,VA,Petersburg VA,37.2048986,-77.4628182,E,2116,3.75,2013,32420,1,23803
1566,Portsmouth,VA,Portsmouth VA,36.8686772,-76.4252047,E ,1877,9.25,1995,100565,1,23701
1573,Suffolk,VA,Suffolk VA,36.7463104,-76.8053347,E ,3200,6,2006,63677,1,23432
1574,Virginia Beach,VA,Virginia Beach VA,36.7958908,-76.2928104,E ,2269,12.99,1993,425257,1,23450
1575,Waynesboro,VA,Waynesboro VA,38.0652769,-78.9733267,E ,1600,3.96,2015,21263,1,22980
1577,Colchester,VT,Colchester VT,44.5506529,-73.2994305,E ,4400,4.33,2017,17067,1,5439
1578,Saint Albans,VT,Saint Albans VT,44.8099131,-73.102016,E ,3000,2.5,2018,6795,1,5478
1580,Williston,VT,Williston VT,44.4267736,-73.1568286,E ,4000,4.25,2014,8698,1,5495
1583,Anacortes,WA,Anacortes WA,48.4853515,-122.7560902,E ,3600,10.22,1999,15941,1,98221
1584,Arlington,WA,Arlington WA,48.1742379,-122.1844233,E ,6000,6.89,2006,18154,1,98223
1585,Asotin County,WA,Asotin County WA,46.2289772,-117.4780222,E,3700,6,2010,21933,1,
1587,Bainbridge Island,WA,Bainbridge Island WA,47.6517516,-122.6568257,E ,3000,12.23,,23262,1,98110
1588,Battle Ground,WA,Battle Ground WA,45.7761674,-122.6101189,E ,3000,12.08,1982,17893,1,98604
1591,Black Diamond,WA,Black Diamond WA,47.313002,-122.0838746,E ,3000,16,2008,4273,1,98010
1593,Bonney Lake,WA,Bonney Lake WA,47.1802248,-122.2320606,E ,2600,14,1997,17579,1,98391
1595,Bremerton,WA,Bremerton WA,47.5544074,-122.773407,E ,2500,17.54,1994,39051,1,98310
1596,Brier,WA,Brier WA,47.7928689,-122.288708,E ,2000,6.5,1999,6165,0.8,98036
1597,Buckley,WA,Buckley WA,47.1623518,-122.0437875,E ,8000,23.77,1992,4354,1,98321
1599,Burlington,WA,Burlington WA,48.4689145,-122.3667734,E ,2400,6.88,1994,8474,1,98233
1600,Camas,WA,Camas WA,45.6101213,-122.4907773,E ,3218,12.04,1989,19712,1,98607
1602,Centralia,WA,Centralia WA,46.7246362,-123.0359295,E ,3000,8,2004,16432,1,98531
1603,Chehalis,WA,Chehalis WA,46.6641735,-122.9985753,E ,3000,7.95,1992,7299,1,98532
1604,Chelan County,WA,Chelan County WA,47.9053445,-121.0806127,E ,4600,5.5,2008,73477,1,
1605,Clark County,WA,Clark County WA,45.8017229,-122.8005253,E ,3500,4.33,1980,433418,1,
1609,Douglas County,WA,Douglas County WA,47.6850978,-120.1948486,E ,2750,3.75,1998,38971,1,
1612,East Wenatchee,WA,East Wenatchee WA,47.4183572,-120.3174997,E ,2750,3.75,1999,13375,1,98802
1614,Edmonds,WA,Edmonds WA,47.8196999,-122.446984,E ,3000,12.35,1998,40215,1,98020
1615,Ellensburg,WA,Ellensburg WA,46.9981893,-120.6223135,E ,3900,9.88,2009,18468,1,98926
1616,Enumclaw,WA,Enumclaw WA,47.2035905,-122.0193742,E ,3200,5.24,2017,11609,1,98022
1617,Everett,WA,Everett WA,47.9575448,-122.3241575,E ,900,13.06,2004,104295,1,98201
1619,Ferndale,WA,Ferndale WA,48.8509531,-122.6579875,E ,10000,11,2006,11564,1,98248
1621,Friday Harbor,WA,Friday Harbor WA,48.5393539,-123.1431314,E ,2000,13.5,1993,1989,1,98250
1622,Gig Harbor,WA,Gig Harbor WA,47.3289218,-122.6288292,E ,2200,14.92,1984,7208,1,98329
1623,Hoquiam,WA,Hoquiam WA,46.9867932,-123.9716925,E ,2500,10.83,2005,8696,1,98550
1626,Issaquah,WA,Issaquah WA,47.5433536,-122.1131397,E,2000,16.47,1988,31037,1,98027
1630,Kent,WA,Kent WA,47.3855508,-122.22273,E,2500,12.81,1992,120916,1,98031
1632,Kirkland,WA,Kirkland WA,47.6913469,-122.2406847,E,2600,19.34,,45054,1,98033
1633,Kitsap County,WA,Kitsap County WA,47.6880927,-123.009481,E,4200,8,1994,231969,1,
1634,La Conner,WA,La Conner WA,48.3938419,-122.5052069,E,2100,15.08,2002,785,1,98257
1639,Liberty Lake,WA,Liberty Lake WA,47.6698923,-117.1736878,E,3160,10,2003,4660,1,
1642,Lynnwood,WA,Lynnwood WA,47.827921,-122.3193736,E,2900,13.12,1991,33847,1,
1643,Marysville,WA,Marysville WA,48.0911152,-122.3380446,E,3200,11.95,1999,25315,1,
1645,Mercer Island,WA,Mercer Island WA,47.5660731,-122.2686028,E,3471,30.64,1995,22036,1,
1646,Mill Creek,WA,Mill Creek WA,47.8597883,-122.196895,E,3000,12.5,2001,11525,0.8,
1647,Milton,WA,Milton WA,47.2511914,-122.3482899,E,2800,15.5,,5795,1,
1648,Monroe,WA,Monroe WA,47.8600473,-122.0428126,E,2500,12.28,1996,17304,1,
1649,Montesano,WA,Montesano WA,47.0033997,-123.660817,E,3000,4.85,1999,3312,1,
1652,Mountlake Terrace,WA,Mountlake Terrace WA,47.9134947,-122.3497174,E,2282,11.45,1999,20362,1,
1653,Mukilteo,WA,Mukilteo WA,47.9134947,-122.3497174,E,2500,21.2,1988,18019,1,
1655,Normandy Park,WA,Normandy Park WA,47.4308755,-122.3655259,E,3100,16,2003,6392,0.8,
1656,North Bend,WA,North Bend WA,47.4959161,-121.8223542,E,2920,12.36,2001,4746,1,
1657,Oak Harbor,WA,Oak Harbor WA,48.2967605,-122.6980029,E,3300,11.95,1997,22075,1,
1662,Pacific,WA,Pacific WA,47.2585409,-122.2855468,E,2500,23.82,1999,6737,1,
1664,Port Angeles,WA,Port Angeles WA,48.1684677,-123.5455256,E,4000,16.87,2003,19154,1,
1665,Port Orchard,WA,Port Orchard WA,47.514527,-122.7308662,E,3000,14,2008,11144,1,
1666,Port Townsend,WA,Port Townsend WA,48.1211481,-122.8176215,E,3000,7.25,1987,9113,1,
1667,Poulsbo,WA,Poulsbo WA,47.7421493,-122.6788777,E,3000,18.08,1999,9200,1,
1668,Pullman,WA,Pullman WA,46.7305753,-117.222298,E,3500,7,2009,29799,1,
1669,Puyallup,WA,Puyallup WA,47.1831468,-122.356318,E,2800,12.75,,37022,1,
1672,Richland,WA,Richland WA,46.2853081,-119.4459248,E,3000,3.85,1998,48058,1,
1677,Sedro-Woolley,WA,Sedro-Woolley WA,48.5091395,-122.2801919,E,10000,10.8,2007,10540,1,
1681,Snohomish,WA,Snohomish WA,47.9273881,-122.1284938,E,2500,15.27,2004,9098,1,
1682,Snoqualmie,WA,Snoqualmie WA,47.5273431,-121.9057563,E,2600,22.83,1997,1631,1,
1684,Spokane County,WA,Spokane County WA,47.6536899,-117.71192,E,3160,3.33,1993,417939,1,
1685,Spokane Valley,WA,Spokane Valley WA,47.6550249,-117.244849,E ,3160,1.75,,,0.8,
1687,Steilacoom,WA,Steilacoom WA,47.1724025,-122.6292958,E,2500,19.39,1994,6049,1,
1688,Sultan,WA,Sultan WA,47.8731967,-121.8364113,E,4519,10.29,,4183,1,
1690,Sumner,WA,Sumner WA,47.221363,-122.2676733,E,2400,16.33,,8504,1,
1694,Toppenish,WA,Toppenish WA,46.3836784,-120.3435243,E,2000,1,1991,8946,1,
1696,Tumwater,WA,Tumwater WA,46.9871149,-122.922268,E,3250,10.63,1987,12698,0.9,
1698,Vancouver,WA,Vancouver WA,45.6382916,-122.7589678,E,2500,10.13,1994,157493,1,
1699,Walla Walla,WA,Walla Walla WA,46.0628092,-118.3687452,E,5000,12.6,1999,30945,1,
1700,Walla Walla County,WA,Walla Walla County WA,46.3034657,-118.7965326,E ,5000,3,2010,59844,1,
1702,Wenatchee,WA,Wenatchee WA,47.4282527,-120.3657813,E,3000,7.86,1995,27856,1,
1705,Woodland,WA,Woodland WA,45.9122172,-122.7791053,E ,4000,4.48,2020,6358,1,
1707,Yakima,WA,Yakima WA,46.5941145,-120.5831094,E,3600,29.5,2007,71845,1,
1709,Allouez,WI,Allouez WI,44.4716779,-88.0613722,E,3663,7.5,2006,14126,0.5,
1711,Antigo,WI,Antigo WI,45.1383181,-89.1936042,E ,3069,3.52,2010,8004,1,54409
1712,Appleton,WI,Appleton WI,44.287727,-88.4671085,E,2368,14.58,1995,73243,1,54911
1714,Baraboo,WI,Baraboo WI,43.4673514,-89.7814733,E ,2379,4.1,2005,1828,1,53913
1715,Barron,WI,Barron WI,45.4032409,-91.8801713,E ,10850,2,2005,3425,1,54812
1716,Bayside,WI,Bayside WI,43.1834157,-87.9378054,E ,5269,18.58,2009,4411,0.5,54723
1717,Beaver Dam,WI,Beaver Dam WI,43.4729038,-88.8956291,E ,2637,4.05,2009,16243,1,53916
1718,Belleville,WI,Belleville WI,42.8651046,-89.5534966,E ,2800,4.17,2010,2426,1,53508
1719,Bellevue,WI ,Bellevue WI ,44.4619656,-88.023478,E ,3221,4,2002,14742,0.5,
1720,Beloit,WI,Beloit WI,42.5322902,-89.0830446,E ,3347,3.5,2006,36913,1,53511
1722,Brown Deer,WI,Brown Deer WI,43.1707657,-88.0079069,E ,3257,8.84,2004,12061,0.5,53120
1723,Buchanan,WI ,Buchanan WI ,44.2795276,-88.4168671,E ,3623,8,2018,5827,0.5,
1724,Butler,WI,Butler WI,43.1079333,-88.0803302,E ,3032,7.18,1999,1846,1,53007
1725,Caledonia,WI,Caledonia WI,42.7994626,-87.8857039,E ,5230,5.44,,24737,1,53108
1729,Cudahy,WI,Cudahy WI,42.9480729,-87.9001009,E ,2700,7.83,2001,18359,1,53110
1730,De Forest,WI,De Forest WI,43.2266772,-89.3783065,E ,2900,5,2005,9085,1,53532
1731,De Pere,WI,De Pere WI,44.4308126,-88.1471605,E ,3861,6.83,2003,20560,1,54115
1732,Delafield,WI,Delafield WI,43.0730505,-88.4598396,E ,1000,2.42,2004,7100,1,53018
1734,Durand,WI,Durand WI,44.6274281,-91.9985804,E ,3300,4,2010,1968,1,54736
1735,Eau Claire,WI,Eau Claire WI,44.8198698,-91.6213571,E ,3000,7.17,1997,66623,1,54701
1736,Elm Grove,WI,Elm Grove WI,43.0481634,-88.1220339,E ,4660,10.23,2004,5947,1,53122
1737,Fitchburg (city),WI ,Fitchburg city WI ,42.9880891,-89.4960461,E ,3700,6.5,2002,25665,0.5,
1738,Fitchburg (rural),WI,Fitchburg WI,42.9880891,-89.4960461,E ,3700,3.24,2002,4000,0.8,54981
1739,Fort Atkinson,WI,Fort Atkinson WI,42.9289359,-88.8767828,E ,3096,2.82,2009,12407,1,53538
1740,Fox Crossing,WI ,Fox Crossing WI ,44.2290172,-88.5113086,E ,4177,10,2009,10980,0.5,
1742,Franklin,WI,Franklin WI,42.8869734,-88.0796551,E ,2964,3,,35620,1,
1743,Garner's Creek Watershed,WI ,Garner's Creek Watershed WI ,44.2626449,-88.3280743,E ,3623,9.83,1998,,0.5,
1744,Glendale,WI,Glendale WI,43.1261641,-87.931236,E ,3200,4.5,1996,12935,0.8,
1745,Grand Chute,WI,Grand Chute WI,44.2816058,-88.4471635,E ,3283,8.32,1997,18392,1,
1747,Green Bay,WI,Green Bay WI,44.5231046,-88.1305771,E ,3000,9.84,2004,105809,1,
1748,Greendale,WI,Greendale WI,42.9374925,-88.0333543,E ,3941,6.63,2004,14117,1,
1749,Greenfield,WI,Greenfield WI,42.9594188,-88.0788755,E ,3630,5.67,2009,36903,0.5,
1750,Greenville,WI,Greenville WI,44.3002916,-88.554005,E ,4510,5.83,1999,6844,1,
1751,Hales Corners,WI,Hales Corners WI,42.940908,-88.0827132,E ,3952,1.17,2008,7730,1,
1753,Hobart,WI ,Hobart WI ,44.4884211,-88.213766,E ,4000,6,2007,6254,0.5,
1754,Holmen,WI,Holmen WI,43.9573809,-91.2950668,E ,3550,4.08,2007,9081,1,
1755,Howard,WI,Howard WI,44.562038,-88.0859691,E ,3301,5.16,2005,17602,0.9,
1756,Hudson,WI,Hudson WI,44.965445,-92.8002076,E ,2890,2.5,2012,12719,1,
1757,Janesville,WI,Janesville WI,42.6928508,-89.0797336,E ,3200,6.22,2003,63479,1,
1758,Jefferson,WI,Jefferson WI,43.0061269,-88.8407148,E ,3220,3.33,,7997,1,
1759,Kaukauna,WI,Kaukauna WI,44.2792926,-88.2977948,E ,2944,6,,12983,1,
1761,Kimberly,WI,Kimberly WI,44.2654369,-88.3558385,E,3350,9.17,2006,6508,1,
1762,La Crosse,WI,La Crosse WI,43.822505,-91.2869532,E ,2841,4.49,2011,51719,1,
1763,Lake Delton,WI,Lake Delton WI,43.5886215,-89.8532381,E ,1685,1.5,1993,1982,1,
1764,Lancaster,WI,Lancaster WI,42.8480896,-90.7395678,E ,2400,2,2008,3868,1,
1766,Ledgeview,WI,Ledgeview WI,44.421548,-88.0236793,E,5800,3.33,2010,3363,1,
1767,Lisbon,WI,Lisbon WI,43.1511481,-88.2637141,E,6642,4,2007,1020,0.5,
1768,Little Chute,WI,Little Chute WI,44.2903451,-88.3551078,E,2752,8.25,1998,10514,1,54140
1770,Manitowoc,WI,Manitowoc WI,44.1025149,-87.7608115,E,3167,6,2007,34053,1,54220
1771,Marinette,WI,Marinette WI,45.0903163,-87.6933811,E,3105,4.08,2009,10943,1,54143
1774,McFarland,WI,McFarland WI,43.0202978,-89.3278788,E ,3456,7.06,2007,7937,1,53558
1775,Menasha,WI,Menasha WI,44.2154201,-88.4900815,E ,2980,8.25,2009,17442,1,54952
1777,Menomonie,WI,Menomonie WI,44.8889347,-91.9774566,E ,3000,3,2008,14937,1,54751
1778,Middleton,WI,Middleton WI,43.113742,-89.5824945,E ,2880,3.75,,19660,1,53562
1779,Milton,WI,Milton WI,42.7723816,-88.9769168,E ,4081,5.24,2009,5538,1,53563
1780,Milwaukee,WI,Milwaukee WI,43.0580569,-88.1075127,E ,1610,5.65,2006,597867,1,53202
1782,Monroe,WI,Monroe WI,42.5999953,-89.6799739,E ,2728,5,2006,10843,1,53566
1783,Mount Pleasant,WI ,Mount Pleasant WI ,42.7124899,-88.0045163,E ,3000,4.58,1998,26601,0.5,
1784,Mukwonago,WI,Mukwonago WI,42.8521956,-88.3647024,E ,3000,0.86,2006,8519,1,53149
1785,Neenah,WI,Neenah WI,44.1646077,-88.5488825,E ,3138,7.08,2003,25501,1,54956
1786,New Berlin,WI,New Berlin WI,42.9701958,-88.1981675,E ,4000,5,2001,39584,1,53146
1787,New Glarus,WI,New Glarus WI,42.8084696,-89.6723864,E ,3000,4.85,2009,2111,1,53574
1788,New Richmond,WI,New Richmond WI,45.1235382,-92.5906506,E ,12632,2.94,2004,8375,1,54017
1789,North Fond du Lac,WI,North Fond du Lac WI,43.810365,-88.4874535,E ,3123,4.67,2007,5014,0.9,54937
1790,Oak Creek,WI,Oak Creek WI,42.8863703,-87.9583745,E ,2964,2.42,,34451,1,53154
1791,Onalaska (City),WI,Onalaska City WI,43.8928943,-91.2696776,E ,3888,4.97,2009,17736,0.5,54650
1792,Onalaska (Town),WI,Onalaska Town WI,43.8928943,-91.2696776,E ,3709,2,2005,5600,1,54650
1793,Oshkosh,WI,Oshkosh WI,44.018177,-88.6353206,E,2817,12.41,2003,66083,1,54901
1796,Pewaukee,WI,Pewaukee WI,43.0613815,-88.3148536,E,2010,10,2010,13195,1,53072
1797,Pleasant Prairie,WI,Pleasant Prairie WI,42.5328441,-88.0245532,E,2000,12,2006,19719,1,53158
1799,Poynette,WI,Poynette WI,43.3922131,-89.4452004,E,3550,5,2006,2266,1,53955
1803,Racine,WI,Racine WI,42.7298012,-87.8528594,E,2844,8.52,2004,78860,1,53401
1805,Reedsburg,WI,Reedsburg WI,43.5324759,-90.0334508,E,3024,4.3,2008,8594,1,53958
1806,Rhinelander,WI,Rhinelander WI,45.6357096,-89.5059265,E ,3305,3.25,2012,7756,1,54501
1809,Rochester,WI,Rochester WI,42.7406051,-88.2409912,E ,4000,5.27,,,1,53167
1810,Saint Francis,WI,Saint Francis WI,42.9727225,-87.9062513,E ,2500,4,2001,9365,1,53235
1811,Salem,WI,Salem WI,42.5554205,-88.1255657,E ,3000,5,2010,9871,1,53168
1812,Scott,WI ,Scott WI ,45.942098,-92.164759,E ,4250,3.75,,3712,0.5,
1813,Sheboygan,WI,Sheboygan WI,43.7444861,-87.7654978,E ,2215,3,2001,50792,1,53081
1814,Shorewood Hills,WI,Shorewood Hills WI,43.0802299,-89.4460569,E ,2941,9.17,2007,1732,0.8,53705
1815,Silver Lake,WI,Silver Lake WI,42.5472513,-88.1844201,E ,3870,7.83,2008,2497,1,53170
1816,Slinger,WI,Slinger WI,43.3318804,-88.343777,E ,4300,3.98,2007,5068,1,53086
1817,Somers,WI,Somers WI,42.640327,-87.9278659,E ,5000,3.58,2018,9597,1,53171
1818,South Milwaukee,WI,South Milwaukee WI,42.9117235,-87.8957498,E ,2964,6,,21256,1,53172
1819,Stevens Point,WI,Stevens Point WI,44.5308469,-89.6210231,E,3364,4.92,,26748,1,54481
1820,Stoughton,WI,Stoughton WI,42.9230841,-89.2530429,E,3105,4.3,2012,12817,1,53589
1822,Suamico,WI,Suamico WI,44.6194212,-88.177298,E ,5137,2.08,2008,12588,1,54173
1823,Sun Prairie,WI,Sun Prairie WI,43.1819138,-89.3039311,E ,3468,7.5,2003,29364,1,53590
1824,Superior,WI,Superior WI,46.696796,-92.2079542,E ,2933,5.9,2004,27368,1,54880
1825,Sussex,WI,Sussex WI,43.1349143,-88.2946021,E ,3897,8.76,2005,10518,1,53089
1826,Two Rivers,WI,Two Rivers WI,44.1526972,-87.656668,E ,3015,5.75,2014,11716,1,54241
1827,Union Grove,WI,Union Grove WI,42.6873427,-88.0877234,E,4000,7.28,2009,4884,1,53182
1828,Vernon,WI,Vernon WI,42.9036396,-88.261069,E,6904,1.08,2006,7227,1,
1829,Verona,WI,Verona WI,42.9862194,-89.5712569,E,2842,4.42,2009,10619,1,53593
1831,Watertown,WI,Watertown WI,43.1930318,-88.7997865,E,2900,6.77,2005,22824,1,53094
1832,Waupun,WI,Waupun WI,43.6302128,-88.7739008,E,3204,8,2005,11340,1,53963
1833,Wauwatosa,WI,Wauwatosa WI,43.067711,-88.025547,E,2174,6.56,1999,47271,0.9,53213
1834,West Allis,WI,West Allis WI,43.0041465,-88.0225134,E,1827,6.43,1997,61254,0.9,53214
1835,West Milwaukee,WI,West Milwaukee WI,43.0124134,-87.9719355,E,1956,3,2003,4142,0.8,53214
1836,West Salem,WI,West Salem WI,43.9000529,-91.1185758,E,2400,1.5,2007,4837,1,54669
1837,Weston,WI,Weston WI,44.8946708,-89.5498689,E,3338,4.17,2004,14904,0.8,54474
1838,Whitefish Bay,WI,Whitefish Bay WI,43.1168105,-87.8948845,E ,3045,8.33,,,0.8,53217
1839,Whitewater,WI,Whitewater WI,42.8347046,-88.7551406,E,3850,6.17,2007,14769,1,53190
1840,Wind Point,WI,Wind Point WI,42.7831724,-87.7693515,E,3857,2.71,2008,1717,0.8,53402
1841,Wisconsin Rapids,WI,Wisconsin Rapids WI,44.3881737,-89.882524,E,2620,2.92,2008,18217,1,54494
1842,Beckley,WV,Beckley WV,37.789662,-81.2512477,E,3000,3.75,2007,17606,1,25801
